:020000040800F2
:100000000050002075250008BD250008BD2500080A
:10001000BD250008BD250008BD2500080000000022
:10002000000000000000000000000000A17B0008AC
:10003000BD25000800000000B17D0008F97D000822
:10004000BD250008BD250008BD250008BD25000808
:10005000BD250008BD250008BD250008BD250008F8
:10006000BD250008BD250008BD250008BD250008E8
:10007000BD250008BD250008BD250008BD250008D8
:10008000BD250008BD250008BD250008B91D0008D4
:10009000A51D0008BD250008BD250008BD250008D8
:1000A000BD250008BD250008BD250008BD250008A8
:1000B000E11D0008BD250008BD250008BD2500087C
:1000C000BD250008BD250008BD250008BD25000888
:1000D000BD250008CD1D0008BD250008BD25000870
:1000E000BD250008BD250008BD2500080000000052
:1000F0000000000000000000000000000000000000
:0C01000000000000000000005FF808F1A3
:1001100010B5054C237833B9044B13B10448AFF341
:1001200000800123237010BD740000200000000037
:10013000F092000808B5034B1BB103490348AFF325
:10014000008008BD0000000078000020F092000848
:1001500010F8012B11F8013B012A28BF9A42F7D071
:10016000D01A7047034613F8012B002AFBD1181A46
:100170000138704780B500AF02F022FA01F0D7FED7
:1001800001F07AFF01F04EFF01F016FF01F00AFCCA
:1001900000F02EF8124802F00FFC0346002B01D0AD
:1001A00002F0F0F80F4B01221A7003210C4802F004
:1001B00042FF0346002B01D002F0E4F801220A4975
:1001C0000A4804F068FC0346002B01D002F0DAF87C
:1001D00006F046FD02F0D6F80023184680BD00BFA9
:1001E000900000204901002048010020B8000020B4
:1001F00080B58EB004AF00230093904B904A182135
:10020000142005F0E9FA03468E4A13600023009398
:100210008D4B8E4A1421102005F0DEFA03468C4ADD
:100220001360002300938B4B8B4AC2210C2005F0F6
:10023000D3FA0346894A1360894B0093894B002205
:1002400001214FF4007005F08DFF0346864A1360CC
:100250007C4B1B68002B0BD14FF0500383F31188AC
:10026000BFF36F8FBFF34F8F7B6200BF00BFFDE70F
:10027000774B1B68002B0BD14FF0500383F3118891
:10028000BFF36F8FBFF34F8F3B6200BF00BFFDE72F
:10029000724B1B68002B0BD14FF0500383F3118876
:1002A000BFF36F8FBFF34F8FFB6100BF00BFFDE750
:1002B0006D4B1B68002B0BD14FF0500383F311885B
:1002C000BFF36F8FBFF34F8FBB6100BF00BFFDE770
:1002D0005C4B1B686549184605F01CFF5C4B1B68AE
:1002E0006349184605F016FF5C4B1B6861491846C8
:1002F00005F010FF604B0293604B019305230093C0
:1003000000234FF4C0725E495E4806F0A3FA03462C
:100310005D4A13605D4B02935D4B01930423009390
:1003200000234FF4807252495A4806F093FA03466C
:10033000594A1360594B0293594B0193032300937D
:1003400000234FF4C0725749574806F083FA03461A
:10035000564A1360564B0293564B01930223009367
:1003600000234FF480724349534806F073FA034662
:10037000524A1360524B0293524B01930123009354
:100380000023A0225049514806F064FA0346504A1F
:1003900013603D4B1B68002B0BD14FF0500383F3D0
:1003A0001188BFF36F8FBFF34F8F7B6100BF00BF1A
:1003B000FDE7394B1B68002B0BD14FF0500383F343
:1003C0001188BFF36F8FBFF34F8F3B6100BF00BF3A
:1003D000FDE7364B1B68002B0BD14FF0500383F326
:1003E0001188BFF36F8FBFF34F8FFB6000BF00BF5B
:1003F000FDE7324B1B68002B0BD14FF0500383F30A
:100400001188BFF36F8FBFF34F8FBB6000BF00BF7A
:10041000FDE72F4B1B68002B0BD14FF0500383F3EC
:100420001188BFF36F8FBFF34F8F7B6000BF00BF9A
:10043000FDE700BF2837BD4680BD00BF9801002002
:100440009002002088010020E001002070040020BC
:100450008C01002028020020B0050020900100201F
:1004600070020020C80E00209401002008930008AC
:10047000149300081C930008E01000205C12002078
:1004800024930008D5040008CC1000202C11002073
:100490005C18002009050008D01000207811002009
:1004A0005C1C002030930008ED050008D4100020EB
:1004B000C41100205C22002061060008D810002032
:1004C000101200205C2600203C930008B5060008AE
:1004D000DC10002080B588B000AF786000F0C0FB71
:1004E000084B1B6807F108014FF0FF32184605F072
:1004F000ABFB0346012BF3D107F10803184600F0CC
:1005000043F9EDE78801002080B588B000AF78603E
:100510002C4B1B6807F10C014FF0FF32184605F019
:1005200093FB0346012B4AD1FB68274A136001F075
:100530004FF90346002B12D007F10C03184601F0C7
:10054000A3F90346002B0AD0204B1B6801331F4A36
:1005500013601F4B1B6801331D4A136030E01D4BB5
:100560001B6801331B4A13601B4802F094FF0346CB
:100570001A4A13607B7F002B1AD03B7F012B17D8C0
:100580003B7F0133DBB23B770E4B186807F10C0160
:100590000123002205F0B8F90346012B0BD0104BC4
:1005A0001B6801330E4A13600E4800F0EBFC02E0BA
:1005B0000D4800F0E7FC642006F01CFBA8E700BF34
:1005C000A6E700BF8C010020800100204C01002024
:1005D0007801002064010020900000207C010020B0
:1005E00074010020489300085093000880B5A6B01D
:1005F00000AF786007F1100360220021184607F071
:10060000BDFD0023FB8100237B73144B186807F1A9
:1006100070014FF0FF33202205F00DFFC7F8900066
:100620000023C7F8943012E007F17002D7F8943035
:100630001344187807F10D0307F10E0207F11001BA
:1006400000F0F8FCD7F894300133C7F89430D7F8AD
:100650009420D7F890309A42E6D3D6E79401002050
:1006600080B5B4B000AF78600F4B1B6807F10C0188
:100670004FF0FF32184605F0E7FA0346012B10D180
:10068000BA8907F10C03991C6423084804F078F92F
:100690000346002BE8D0064B1B680133044A136065
:1006A000E2E700BFE0E700BF90010020B8000020B3
:1006B0006001002080B58AB000AF786006F0DEFBF4
:1006C00003463B624FF47A737B6207F10803002212
:1006D0001A605A609A60DA601A615A6107F1200361
:1006E000796A184606F006FA06233B7207F10803FA
:1006F0000021184600F002F800BFE6E780B58AB096
:1007000000AF78600B46FB707B68002B03D01D4B5D
:100710001B68002B01D1002330E0FB78002B08D0B0
:10072000184B186801230022796805F0EDF803469C
:1007300007E0144B186800230022796805F0E4F8FC
:1007400003467B627B6A012B12D0FB78002B0FD013
:100750000C4B1B6807F10C010022184605F074FAD7
:10076000084B186801230022796805F0CDF87862FB
:100770007B6A012B0CBF01230023DBB2184628370C
:10078000BD4680BD8801002080B582B000AF786092
:100790007B681B78013B052B39D801A252F823F066
:1007A000B9070008C5070008D1070008FB070008C3
:1007B00001080008090800087B680433184600F0A7
:1007C00033F825E07B680433184600F0B9F81FE0E1
:1007D0007B681B7D002B01D0012200E000220E4B24
:1007E0001A710D4B1B79002B01D00C4B00E00C4B08
:1007F0000121184600F030FB0AE000F0FFF807E0A6
:10080000084800F03DF903E000F09EF900E000BF69
:1008100000BF0837BD4680BD000000205893000887
:10082000689300087893000880B5A0B002AF7860A4
:100830007B685B7B83F00103DBB2002B05D078681B
:1008400000F098FA786800F03DFA374BDB79002B1E
:1008500060D07B681A687B681B7907F10C000093F5
:100860001346324A602107F00FFC78677B6F002B3C
:1008700052DB7B6F5F2B4FD8002387F8733021E06A
:1008800007F10C027B6FD0187B6FC3F1600197F802
:1008900073307A6813445B79254A07F0F5FBF866F4
:1008A000FB6E002B3ADB7B6FC3F16002FB6E9A425A
:1008B00034D97A6FFB6E13447B6797F8733001333A
:1008C00087F873307B681B7997F873209A42D7D3E7
:1008D00007F10C027B6FD0187B6FC3F16003154AE0
:1008E000194607F0D1FB0346002B19DB07F10C0377
:1008F0000021184600F0B0FA0346002B11D00E4B31
:100900001B6801330C4A13604FF400510B4803F08D
:1009100059F906E000BF04E000BF02E000BF00E0BC
:1009200000BF7837BD4680BD0000002080930008DE
:100930009093000898930008500100200010014097
:1009400080B584B000AF78600023FB737B685B7B6D
:1009500083F00103DBB2002B35D07B681B6840F2CB
:100960000112934204D07B681B68B3F5817F2AD1C2
:100970007B681B79002B26D07B685B79184600F0DA
:1009800052FD0346BB73BB7B442B08D1184B00229E
:10099000DA71012000F04EF90123FB7313E0BB7BF9
:1009A000582B02D10123FB730DE0BB7B412B05D0FB
:1009B000BB7B422B02D0BB7B522B04D10C4B0122C0
:1009C000DA7100F045F9FB7B1946786800F060FEAB
:1009D0000346002B05D04FF40051064803F0F2F80F
:1009E00002E0054800F0CEFA00BF1037BD4680BDDA
:1009F00000000020001001404893000890B58BB023
:100A000000AF1A4B07F114040FCB84E80F00184B0A
:100A10003C1D0FCB84E80F0007F11403002118469A
:100A200000F036FE034687F827303B1D00211846AC
:100A300000F02EFE034687F826300E4800F020F81E
:100A400097F82730002B03D197F82630002B04D0DD
:100A50000121094800F000FA03E0084800F092FA8A
:100A600000BF00BF2C37BD4690BD00BFBC9300083F
:100A7000CC9300089C930008A8930008B493000846
:100A8000F0B5C5B00CAFF8602D4B1B689B69C7F87B
:100A9000DC30D7F8DC301B0CDBB2C7F8D830D7F825
:100AA000DC301B0EC7F8D430D7F8DC301B0903F05C
:100AB0000703C7F8D03000F05DFE0346002B01D0DD
:100AC000012400E000241E4802F0BEFC0346BB6087
:100AD0001B4802F0E0FC7860194B1B685D68184BFE
:100AE0001B689E68164B1B68DA683A6003F04EFC80
:100AF000034607F110000A93D7F8D0300993D7F8CE
:100B0000D4300893D7F8D83007933A680692059600
:100B10000495D7F8DC3003937A680292BB6801939E
:100B20000094FB68074AC02107F0AEFA07F11003F2
:100B30000121184600F090F900BFE437BD46F0BD32
:100B400090000020DC9300082DE9F041ACB008AF24
:100B5000234B1B689B69C7F88C30D7F88C301B0C73
:100B6000DBB2C7F88830D7F88C301B0EC7F884305A
:100B7000D7F88C301B0903F00703C7F8803001F069
:100B80004DFD804600F0F6FD0346002B01D0012408
:100B900000E00024134B1D68134B1E68104802F040
:100BA0007AFC02463846D7F880300693D7F884306E
:100BB0000593D7F888300493039202960195009428
:100BC00043460A4A802107F05FFA3B460021184657
:100BD00000F042F900BF9037BD46BDE8F08100BF8C
:100BE00090000020500100204C0100204894000893
:100BF00080B582B000AF03460A46FB711346BB7155
:100C0000FB79002B01D0012200E00022084B5A7131
:100C1000074B5B79002B01D0BB7900E00023044A2D
:100C2000937100F01DF800BF0837BD4680BD00BFBE
:100C30000000002080B582B000AF0346FB71FB7955
:100C400019460120FFF7D4FF00BF0837BD4680BD1D
:100C500080B500AF00210020FFF7CAFF00BF80BDB4
:100C600080B582B000AF144B5B79002B14BF012319
:100C70000023DBB2FB71104B5B79002B0CBF01230F
:100C80000023DBB2BB71FB791A464FF480410B485D
:100C900002F080FFFB791A464FF48071084802F099
:100CA00079FFBB791A464FF48051044802F072FF75
:100CB00000BF0837BD4680BD00000020000C014089
:100CC0000008014080B584B000AF78607B681B6885
:100CD00040F2022293420BD17B681B79022B07D989
:100CE0007B68DB794F2B3CD90220FFF7A3FF38E06C
:100CF0007B681B6840F21122934216D17B681B79F6
:100D0000042B12D97B689B79FB737B685B7ABB737E
:100D1000FB7B002B27D1BB7B002B24D1144B9B7971
:100D2000032B20D1FFF794FF1DE07B681B6840F286
:100D30002122934207D17B681B79002B03D003202B
:100D4000FFF778FF10E07B681B6840F22222934295
:100D50000AD17B681B79002B06D00420FFF76AFFBD
:100D600002E000BF00E000BF1037BD4680BD00BFFD
:100D700000000020B0B598B004AF78607B681B68B5
:100D800040F20222934256D17B681B79042B52D940
:100D90007B685B791AB27B689B791BB21B021BB222
:100DA00013431AB2274B1A807B68DA79254B9A7065
:100DB0007B685A7A234BDA70224B1B79002B3CD08C
:100DC000204BB3F90030FB64FB6C002B02DAFB6CA8
:100DD0005B42FB641B4BB3F90030002B01DA1A4C69
:100DE00000E01A4CFB6C1A4A82FB03125211DB170B
:100DF000D11AFA6C164B83FB02035811D317C31A8E
:100E0000642000FB03F3D31A0E4A927815460D4A6C
:100E1000D27807F10C0003920295019300912346CA
:100E20000C4A402107F030F907F10C030021184665
:100E300000F012F802E000BF00E000BF5037BD46EE
:100E4000B0BD00BF0000002070940008749400083A
:100E50001F85EB517894000880B5E6B000AF07F528
:100E6000CC73A3F5CA7318600A4607F5CC73A3F2D6
:100E700095131A7007F1CC03C2220021184607F01F
:100E80007DF907F5CC73A3F5CA731B68002B03D05B
:100E90003A4B1B68002B01D1002369E007F5CC73A6
:100EA000A3F5CA73C021186800F09EFAC7F8900134
:100EB000D7F89031002B03D0D7F89031BF2B01D950
:100EC000002355E007F5CC73A3F5CA7307F1CC02F4
:100ED000901CD7F89021196807F031FAD7F89031B3
:100EE0009BB2A7F8CC3007F5CC73A3F295131B780F
:100EF000002B09D0214B186807F1CC0101230022F7
:100F000004F002FD034608E01C4B186807F1CC0111
:100F10000023002204F0F8FC0346C7F89431D7F808
:100F20009431012B18D007F5CC73A3F295131B78DD
:100F3000002B11D0114B1B6807F108010022184645
:100F400004F082FE0D4B186807F1CC01012300224A
:100F500004F0DAFCC7F89401D7F89431012B06D0DD
:100F6000074B1B680133064A1360002300E001238E
:100F7000184607F5CC77BD4680BD00BF9001002024
:100F80006001002080B590B000AF7860284A07F17A
:100F900008031068186092889A8007F10E032A22CD
:100FA0000021184607F0EAF80523FB632021786842
:100FB00000F01AFAB8637B68002B34D0BB6B1F2B90
:100FC00031D807F10802FB6B1344BA6B79681846F5
:100FD00007F0B5F9FA6BBB6B1344FB63FB6B5A1C50
:100FE000FA6340333B443E2203F8382CFB6B5A1C17
:100FF000FA6340333B440D2203F8382CFB6B5A1C38
:10100000FA6340333B440A2203F8382C07F1080204
:10101000FB6B134400221A7007F1080301211846E4
:10102000FFF71AFF00E000BF4037BD4680BD00BF9C
:10103000A094000880B584B000AFB9607A603B60CE
:101040000346FB73FB7B3C2B0BD13B6801221A70E0
:101050007B6800221A8060220021B86807F08EF8B1
:101060003AE03B681B7883F00103DBB2002B32D1FE
:10107000FB7B3E2B10D17B681B881A46BB68134450
:1010800000221A703B6800221A707B6800221A80C6
:10109000B86800F029F81FE07B681B885E2B0BD82E
:1010A0007B681B885A1C91B27A6811801A46BB680B
:1010B0001344FA7B1A700FE03B6800221A707B68B9
:1010C00000221A80064B1B680133054A136005484D
:1010D000FFF758FF00E000BF1037BD4680BD00BFDE
:1010E00054010020A894000880B58EB000AF78604D
:1010F00007F1080300221A605A609A60DA601A61E8
:101100005A61AA49786807F041F83863A749002076
:1011100007F03CF8F862A549002007F037F8B862FC
:10112000A249002007F032F878623B6B002B08D10F
:101130009F4B1B6801339E4A13609E48FFF722FFB6
:1011400030E19D49386BFFF703F80346002B33D19C
:10115000FB6A002B0CD0FB6A1B78302B03D0FB6A98
:101160001B78312B04D1FB6A01331B78002B08D08C
:101170008F4B1B6801338E4A13608F48FFF702FFC5
:1011800010E103233B72FB6A1B78312B01D1012351
:1011900000E000233B7707F1080300211846FFF722
:1011A000ADFA034683F00103DBB2002B00F0F580BB
:1011B0008248FFF7E7FEF0E08149386BFEF7C8FF91
:1011C0000346002B12D104233B7207F108030021D0
:1011D0001846FFF793FA034683F00103DBB2002BB6
:1011E00000F0DD807548FFF7CDFED8E07549386B1B
:1011F000FEF7AEFF0346002B12D105233B7207F129
:10120000080300211846FFF779FA034683F001032B
:10121000DBB2002B00F0C5806848FFF7B3FEC0E0EA
:101220006949386BFEF794FF0346002B08D0604BEA
:101230001B6801335E4A13606448FFF7A3FEB1E008
:10124000FB6A002B05D0BB6A002B02D07B6A002B07
:1012500008D1574B1B680133554A13605C48FFF7B0
:1012600091FE9FE007F1080304331946F86A00F085
:1012700022F9034683F00103DBB2002B08D04C4B6C
:101280001B6801334A4A13605248FFF77BFE89E02E
:10129000FB68B3F5006F08D3454B1B680133444A24
:1012A00013604D48FFF76EFE7CE007F1080308333A
:1012B0001946B86A00F055F9034683F00103DBB222
:1012C000002B08D03A4B1B680133394A136043485E
:1012D000FFF758FE66E03B7C082B08D9344B1B68AF
:1012E0000133334A13603E48FFF74CFE5AE0397C25
:1012F00007F1080309331A46786A00F070F90346CB
:1013000083F00103DBB2002B08D0294B1B680133AB
:10131000274A13603348FFF735FE43E002233B7250
:1013200000237B76002387F83730FB6840F20112F8
:10133000934203D0FB68B3F5817F1CD13B7C002B2B
:1013400019D07B7C184600F06EF8034687F82330EE
:1013500097F82330442B03D097F82330582B01D132
:10136000012300E0002387F8373097F8373003F087
:10137000010387F8373097F8372007F10803114643
:101380001846FFF7BBF9034683F00103DBB2002BDD
:1013900008D00A48FFF7F6FD04E000BF02E000BFF6
:1013A00000E000BF3837BD4680BD00BFB0940008E4
:1013B00054010020B4940008BC940008489300082D
:1013C000C094000878930008C8940008CC940008E2
:1013D000D0940008D8940008DC940008E494000835
:1013E000E8940008F094000880B485B000AF7860FD
:1013F00039600023FB607B68002B04D100230DE0E3
:10140000FB680133FB60FA683B689A4205D27A6850
:10141000FB6813441B78002BF2D1FB681846143785
:10142000BD4680BC704780B483B000AF0346FB71FB
:10143000FB79602B06D9FB797A2B03D8FB79203B0B
:10144000DBB200E0FB7918460C37BD4680BC704724
:1014500080B483B000AF03463960FB71FB792F2B5A
:1014600009D9FB79392B06D8FB79303BDAB23B68D6
:101470001A7001231AE0FB79402B09D9FB79462B1E
:1014800006D8FB79373BDAB23B681A7001230DE0CE
:10149000FB79602B09D9FB79662B06D8FB79573B82
:1014A000DAB23B681A70012300E0002318460C37BB
:1014B000BD4680BC704780B584B000AF78603960AD
:1014C0000023FB600023FB727B68002B06D03B6887
:1014D000002B03D07B681B78002B01D100233CE05C
:1014E0007B681B78302B0CD17B6801331B78782B01
:1014F00004D07B6801331B78582B02D17B68023300
:101500007B607B681B78002B1FD1002325E0FB7AD2
:10151000072B0DD87B681B7807F10A021146184685
:10152000FFF796FF034683F00103DBB2002B01D0E7
:10153000002312E0FB681B01BA7A1343FB60FB7ABD
:101540000133FB727B6801337B607B681B78002B67
:10155000DDD13B68FA681A60012318461037BD4692
:1015600080BD80B485B000AF786039600023FB6037
:101570007B68002B06D03B68002B03D07B681B7870
:10158000002B1ED1002325E07B681B782F2B03D96D
:101590007B681B78392B01D900231BE0FA681346BE
:1015A0009B0013445B001A467B681B781344303B56
:1015B000FB60FB68FF2B01D900230BE07B68013344
:1015C0007B607B681B78002BDED1FB68DAB23B685E
:1015D0001A70012318461437BD4680BC704780B589
:1015E00086B000AFF8600B467A60FB72FB68002B98
:1015F0000AD07B68002B07D0F868FEF7B3FD0246DF
:10160000FB7A5B009A4201D000233CE00023FB758B
:1016100034E0FB7D5B00FA6813441B7807F1160287
:1016200011461846FFF714FF034683F00103DBB2AF
:10163000002B11D1FB7D5B000133FA6813441B784A
:1016400007F1150211461846FFF702FF034683F023
:101650000103DBB2002B01D0002314E0BB7D5BB2A1
:101660001B015AB27B7D5BB2134359B2FB7D7A6892
:101670001344CAB21A70FB7D0133FB75FA7DFB7A05
:101680009A42C6D3012318461837BD4680BD0000D4
:1016900090B58FB000AF78600B46FB7007F1200368
:1016A00000221A605A609A60DA601A617B68002B27
:1016B0000CD07B685B7B002B08D17B681B68B3F583
:1016C000006F03D27B681B79082B01D9002346E009
:1016D0007B6807F120040FCB84E80F00FB7887F8C4
:1016E0003130FB78002B09D01F4B186807F120011F
:1016F0000123002204F008F9034608E01A4B186899
:1017000007F120010023002204F0FEF803467B636A
:101710007B6B012B13D0FB78002B10D0124B1B6876
:1017200007F10C010022184604F08EFA0E4B1868DF
:1017300007F120010123002204F0E6F878637B6BB7
:10174000012B06D1094B1B680133084A13600123A2
:1017500005E0074B1B680133054A13600023184658
:101760003C37BD4690BD00BF8C01002070010020B9
:101770007401002080B582B000AF134801F064FE10
:101780000346FB71104B1B689B6903F00403002B9D
:1017900014BF01230023BB710C4B1B78DBB2002B61
:1017A0000AD0FB79022B07D1BB7983F00103DBB2AE
:1017B000002B01D0012300E0002303F00103DBB282
:1017C00018460837BD4680BD900000204901002022
:1017D00080B582B000AF00F021FF7860FFF7CAFF4C
:1017E0000346002B01D0012343E0244B1B687A6899
:1017F000D31A632B01D800233BE0204A7B68136097
:10180000142001F074FF132001F071FF1C4B002223
:101810001A701C4801F014F91A4801F0CDF803467B
:10182000002B07D0142001F054FF132001F051FFCA
:1018300000231EE00321134801F0FDFB0346002BAB
:1018400007D0142001F045FF132001F042FF0023D0
:101850000FE00B4B01221A70142001F056FF1320E9
:1018600001F053FF142001F034FF132001F031FF89
:10187000012318460837BD4680BD00BF8401002003
:10188000490100209000002080B58AB000AF786048
:1018900007F10C0300221A605A609A60DA601A613C
:1018A0005A6105F0EBFA78620BE005F0E7FA0246C0
:1018B0007B6AD31A022B01D9002348E0012005F0EE
:1018C00099F9254801F018FA0346002BEDD07B6802
:1018D0001B68FB6000237B610023BB617B681B7975
:1018E000FB61002387F820300021012005F0B8FDBE
:1018F0007B685A1D07F1080307F10C01164801F037
:10190000E8F80346002B01D0002320E00A21012043
:1019100005F0A6FD0346002B0ED1BB6819460E4804
:1019200001F01EFA0346002B04D0BB6819460A4892
:1019300001F09EF900230AE0BB681946064801F051
:101940000FFA0346002B0CBF01230023DBB218461D
:101950002837BD4680BD00BF9000002080B582B012
:1019600000AF00237B600D4B1B68002B11D00B4B8D
:101970001B683A1D1146184605F0AAFF7B68002B2C
:1019800007D0074B4FF080521A60BFF34F8FBFF361
:101990006F8F00BF0837BD4680BD00BFD01000204C
:1019A00004ED00E080B58AB000AF3B46282200215C
:1019B000184606F0E3FB00237B610023BB61012393
:1019C000FB6100233B6000237B600023BB6000239E
:1019D000FB6000233B6101233B620E237B623B469D
:1019E0001946064800F01FFF0346002B01D000F007
:1019F000C9FC00BF2837BD4680BD00BF9000002055
:101A000080B598B000AF786000237B657B681B6869
:101A1000624A934240F0BE80614B1B68002B00F08D
:101A2000B980A1E007F1200300221A605A609A6091
:101A3000DA601A615A61002387F85F3007F12003EA
:101A4000093307F138020021786801F0ACF9034648
:101A5000002B40F092807B6C002B40F084800123AF
:101A600087F820303B6C042B0CBF01230023DBB232
:101A700087F8313097F83130002B01D0FB6B00E054
:101A8000BB6B7B62BB6C082B02D8BB6CDBB200E08B
:101A9000082387F8283097F8313083F00103DBB250
:101AA000002B1DD07B6A40F22122934204D07B6A36
:101AB00040F22222934203D1012387F85F300FE0E6
:101AC0007B6A40F2022293420AD197F82830022B17
:101AD00006D997F82B304F2B02D9012387F85F30B6
:101AE00097F85F30002B0AD02D4B186807F154028D
:101AF00007F12001012304F009F8034609E0284B0F
:101B0000186807F1540207F12001002303F0FEFFDB
:101B10000346BB65BB6D012B16D097F85F30002BD9
:101B200012D01F4B1B6807F1540207F10801184639
:101B300004F06CF91A4B186807F1540207F1200100
:101B4000012303F0E3FFB865BB6D012B05D1154BF5
:101B50001B680133134A136006E0134B1B68013303
:101B6000114A136000E000BF0021786801F03CFAE0
:101B70000346002B7FF456AF00E000BF7B6D002BC7
:101B800009D00A4B4FF080521A60BFF34F8FBFF35A
:101B90006F8F00E000BF6037BD4680BD006400402D
:101BA00088010020680100206C01002004ED00E0A5
:101BB00080B582B000AF78607B681B68044A9342AE
:101BC00001D1FFF7CBFE00BF0837BD4680BD00BF87
:101BD0000064004080B582B000AF78607B681B680D
:101BE000044A934201D1FFF7B9FE00BF0837BD4652
:101BF00080BD00BF0064004080B582B000AF786057
:101C00007B681B68044A934201D1FFF7A7FE00BF1F
:101C10000837BD4680BD00BF0064004080B582B07B
:101C200000AF78607B681B68044A934201D1FFF7DC
:101C300095FE00BF0837BD4680BD00BF0064004070
:101C400080B582B000AF78607B681B68044A93421D
:101C500001D1FFF783FE00BF0837BD4680BD00BF3E
:101C60000064004080B582B000AF78607B681B687C
:101C7000044A934201D1FFF771FE00BF0837BD4609
:101C800080BD00BF0064004080B582B000AF7860C6
:101C90007B681B68074A934207D1786801F0FBFB19
:101CA0000346054A1360FFF759FE00BF0837BD46DB
:101CB00080BD00BF006400407C01002080B584B07E
:101CC00000AF78600023FB607B681B68194A934271
:101CD0002CD1194B1B68002B0AD0174B186807F141
:101CE0000C030122154904F0F6FA0346012B04D037
:101CF000134B1B680133124A136001220F4911482C
:101D000002F0C9FE0346002B04D00F4B1B680133C1
:101D10000D4A1360FB68002B09D00C4B4FF080522A
:101D20001A60BFF34F8FBFF36F8F00E000BF103713
:101D3000BD4680BD003801409401002048010020CC
:101D400058010020B80000205C01002004ED00E0F4
:101D500080B584B000AF78607B681B680D4A934201
:101D600014D10D4B1B6801330B4A13600023FB6039
:101D70007B681B681B68FB607B681B685B68FB609B
:101D8000FB6801220549064802F085FE00BF1037B6
:101D9000BD4680BD003801405C01002048010020A4
:101DA000B800002080B500AF024801F069F900BF1B
:101DB00080BD00BF9000002080B500AF024801F058
:101DC0005FF900BF80BD00BF9000002080B500AF6C
:101DD000024802F085FE00BF80BD00BFB8000020B1
:101DE00080B500AF024802F0E7FB00BF80BD00BF36
:101DF0000001002080B586B000AF78602D4BDB6914
:101E00002C4A43F00103D3612A4BDB6903F0010341
:101E1000FB60FB6802F0BAFA7861264B5B6803F45A
:101E2000E063002B02D07B695B0000E07B693B61D3
:101E30003B69214A934201D8012337E01F4B1B68BD
:101E4000B3F1804F02D11D4802F088FB1B4B4FF0CD
:101E500080421A603B691A4AA2FB03239B0C013B98
:101E6000164A5360154B00229A60144B40F2E73239
:101E7000DA60124B00221A61104B00229A610F485F
:101E800002F0CAFA0346002B01D001230EE0002223
:101E900079681C2001F001FC1C2001F01AFC094AA1
:101EA0007B681360054802F007FB034618461837A5
:101EB000BD4680BD001002403F420F0000010020DF
:101EC00083DE1B430C00002080B582B000AF786039
:101ED0007B681B68B3F1804F01D100F08DFB00BF20
:101EE0000837BD4680BD000080B485B000AFF86003
:101EF000B9607A60FB68064A1A60BB68054A1A60D6
:101F00007B6880221A6000BF1437BD4680BC7047D2
:101F1000DC2800202829002080B582B000AF78603E
:101F2000396000F02FFA00BF0837BD4680BD80B58C
:101F300090B000AF07F1180328220021184606F0E0
:101F40001DF93B1D00221A605A609A60DA601A611E
:101F50000123BB614FF48033FB6100233B6201230B
:101F6000BB6202237B634FF48033BB634FF4E01307
:101F7000FB6307F11803184601F03EFE0346002BF1
:101F800001D000F0FFF90F237B600223BB60002328
:101F9000FB604FF480633B6100237B613B1D0221AA
:101FA000184602F0ABF80346002B01D000F0EAF926
:101FB00000BF4037BD4680BD80B500AF174B184A03
:101FC0001A60164B04225A60144B00229A60134B7D
:101FD0000022DA60114B4FF440221A610F4B4FF48C
:101FE00040125A610D4B00221A760C4B01225A7690
:101FF0000A4B00229A76094B0122DA76074B00221F
:102000001A77064B00225A77044800F011FB03466A
:10201000002B01D000F0B6F900BF80BD9000002079
:102020000064004080B500AF114B124A1A60104B9B
:102030004FF4E1325A600E4B00229A600C4B0022A2
:10204000DA600B4B00221A61094B0C225A61084BD3
:1020500000229A61064B0022DA61054802F040FC3A
:102060000346002B01D000F08DF900BF80BD00BFFA
:10207000B80000200038014080B58AB000AF07F1F9
:10208000140300221A605A609A60DA604A4B9B6916
:10209000494A43F001039361474B9B6903F00103F5
:1020A0003B613B69444B9B69434A43F02003936186
:1020B000414B9B6903F02003FB60FB683E4B9B692F
:1020C0003D4A43F0040393613B4B9B6903F00403D7
:1020D000BB60BB68384B9B69374A43F00803936188
:1020E000354B9B6903F008037B607B68324B9B692F
:1020F000314A43F0100393612F4B9B6903F01003A7
:102100003B603B682D4B5B687B627B6A23F0E0633E
:102110007B627B6A43F000737B62284A7B6A536070
:1021200001224FF40051264801F034FD00224FF403
:102130008041244801F02EFD00224FF48071224896
:1021400001F028FD01224FF480511E4801F022FDCC
:102150004FF400537B610123BB610023FB61022329
:102160003B6207F114031946154801F08FFB4FF449
:1021700080737B610123BB610023FB6102233B620F
:1021800007F114031946104801F080FB4FF4A043F7
:102190007B610123BB610023FB6102233B6207F1EA
:1021A00014031946074801F071FBFEF759FD00BF03
:1021B0002837BD4680BD00BF00100240000001402E
:1021C00000100140000C01400008014080B58AB0B9
:1021D00000AF786007F1180300221A605A609A6015
:1021E000DA607B681B682B4A93424ED12A4BDB692D
:1021F000294A43F00073D361274BDB6903F0007376
:102200007B617B69244B9B69234A43F00403936100
:10221000214B9B6903F004033B613B691E4B9B69A7
:102220001D4A43F0010393611B4B9B6903F00103BB
:10223000FB60FB684FF40063BB610023FB6100237C
:102240003B6207F118031946144801F01FFB4FF4D5
:102250008053BB610223FB6103237B6207F11803F8
:1022600019460E4801F012FB00220521142001F04E
:1022700014FA142001F02DFA00220621132001F097
:102280000CFA132001F025FA00E000BF2837BD4604
:1022900080BD00BF00640040001002400008014003
:1022A00080B588B000AF786007F1100300221A6093
:1022B0005A609A60DA607B681B68214A93423AD17F
:1022C000204B9B691F4A43F4804393611D4B9B69DC
:1022D00003F48043FB60FB681A4B9B69194A43F087
:1022E00004039361174B9B6903F00403BB60BB6855
:1022F0004FF400733B6102237B610323FB6107F111
:1023000010031946104801F0C1FA4FF480633B6195
:1023100000237B610023BB6107F1100319460A48C3
:1023200001F0B4FA00220621252001F0B6F925209B
:1023300001F0CFF900E000BF2037BD4680BD00BFEF
:1023400000380140001002400008014080B485B010
:1023500000AF78607B681B68B3F1804F0BD1084BEE
:10236000DB69074A43F00103D361054BDB6903F0E6
:102370000103FB60FB6800BF1437BD4680BC70479B
:102380000010024080B582B000AF72B600BF0022DC
:102390004FF480510F4801F0FDFB01224FF48041C2
:1023A0000C4801F0F7FB01224FF480710A4801F05C
:1023B000F1FB4FF40051094801F004FC00237B605D
:1023C00003E000BF7B6801337B607B68044A934273
:1023D000F7D9EEE7000C0140000801400010014071
:1023E0001FA1070080B400AF01231846BD4680BC82
:1023F000704780B582B000AF7860396005F072FF39
:10240000034616221A604FF0FF3318460837BD46C0
:1024100080BD80B582B000AF78604FF0FF31786842
:10242000FFF7E7FF00BFFDE780B586B000AFF860BB
:10243000B9607A6000237B610AE0AFF30080014657
:10244000BB685A1CBA60CAB21A707B6901337B61DF
:102450007A697B689A42F0DB7B6818461837BD467C
:1024600080BD80B586B000AFF860B9607A600023A7
:102470007B6109E0BB685A1CBA601B781846AFF351
:1024800000807B6901337B617A697B689A42F1DB6A
:102490007B6818461837BD4680BD80B483B000AF56
:1024A00078604FF0FF3318460C37BD4680BC70474C
:1024B00080B483B000AF786039603B684FF400525D
:1024C0005A60002318460C37BD4680BC704780B464
:1024D00083B000AF7860012318460C37BD4680BC3E
:1024E000704780B485B000AFF860B9607A600023AF
:1024F00018461437BD4680BC7047000080B586B0D2
:1025000000AF7860144A154BD31A7B617B693B613D
:10251000134B1B68002B02D1114B124A1A60104B4F
:102520001A687B6813443A699A4207D205F0DAFECA
:1025300003460C221A604FF0FF3309E0084B1B687A
:10254000FB60074B1A687B681344054A1360FB68FD
:1025500018461837BD4680BD00500020000400001A
:10256000282B0020902D002080B400AF00BFBD4676
:1025700080BC7047FFF7F8FF0B480C490C4A00235A
:1025800002E0D458C4500433C4188C42F9D3094A29
:10259000094C002301E013600432A242FBD305F092
:1025A000A7FEFDF7E7FD7047000000207400002043
:1025B0001C96000874000020902D0020FEE700000B
:1025C00080B500AF084B1B68074A43F01003136047
:1025D000032001F057F80F20FFF70CFC00F006F87D
:1025E0000023184680BD00BF0020024080B400AF29
:1025F00000BFBD4680BC704780B400AF054B1B7860
:102600001A46054B1B681344034A136000BFBD46BE
:1026100080BC7047100000202C2B002080B400AF3D
:10262000024B1B681846BD4680BC70472C2B00200F
:1026300080B584B000AF78607B68002B01D10123A6
:10264000EDE07B6893F82030DBB2002B02D1786894
:10265000FFF7BCFD7B681B681A687B681B6842F04B
:1026600001021A60FFF7DAFFF86012E0FFF7D6FF09
:102670000246FB68D31A0A2B0BD97B685B6A43F4CA
:1026800000327B685A627B68052283F82020012390
:10269000C5E07B681B685B6803F00103002BE5D095
:1026A0007B681B681A687B681B6822F002021A604C
:1026B000FFF7B4FFF86012E0FFF7B0FF0246FB68D7
:1026C000D31A0A2B0BD97B685B6A43F400327B6810
:1026D0005A627B68052283F8202001239FE07B68F3
:1026E0001B685B6803F00203002BE5D17B681B7E4F
:1026F000012B08D17B681B681A687B681B6842F055
:1027000080021A6007E07B681B681A687B681B6898
:1027100022F080021A607B685B7E012B08D17B6807
:102720001B681A687B681B6842F040021A6007E069
:102730007B681B681A687B681B6822F040021A607D
:102740007B689B7E012B08D17B681B681A687B68BD
:102750001B6842F020021A6007E07B681B681A6859
:102760007B681B6822F020021A607B68DB7E012BED
:1027700008D17B681B681A687B681B6822F010020E
:102780001A6007E07B681B681A687B681B6842F068
:1027900010021A607B681B7F012B08D17B681B68C5
:1027A0001A687B681B6842F008021A6007E07B68C1
:1027B0001B681A687B681B6822F008021A607B6835
:1027C0005B7F012B08D17B681B681A687B681B68DC
:1027D00042F004021A6007E07B681B681A687B6895
:1027E0001B6822F004021A607B689A687B68DB68C9
:1027F0001A437B681B691A437B685B6942EA0301E1
:102800007B685B685A1E7B681B680A43DA617B68D9
:1028100000225A627B68012283F820200023184698
:102820001037BD4680BD80B487B000AF7860396096
:102830007B681B687B617B6893F82030FB74FB7CB2
:10284000012B03D0FB7C022B40F0AA807B69D3F8DC
:10285000003243F001027B69C3F800223B685B69E8
:1028600003F01F03012202FA03F3FB607B69D3F834
:102870001C22FB68DB431A407B69C3F81C223B68BF
:10288000DB69002B23D17B69D3F80C22FB68DB4387
:102890001A407B69C3F80C223B68DB6819043B686B
:1028A0005B689BB23A68526919437B69483243F8C6
:1028B00032103B689B6819043B681B689AB23B68FE
:1028C0005B690A4379694833DB000B445A603B6813
:1028D000DB69012B22D17B69D3F80C22FB681A43F8
:1028E0007B69C3F80C223B681B6819043B685B6872
:1028F0009BB23A68526919437B69483243F83210F7
:102900003B689B6819043B68DB689AB23B685B696B
:102910000A4379694833DB000B445A603B689B6982
:10292000002B09D17B69D3F80422FB68DB431A40F2
:102930007B69C3F8042207E07B69D3F80422FB68B3
:102940001A437B69C3F804223B681B69002B09D139
:102950007B69D3F81422FB68DB431A407B69C3F818
:10296000142207E07B69D3F81422FB681A437B69C1
:10297000C3F814223B681B6A012B07D17B69D3F88B
:102980001C22FB681A437B69C3F81C227B69D3F8BD
:10299000003223F001027B69C3F80022002306E025
:1029A0007B685B6A43F480227B685A620123184685
:1029B0001C37BD4680BC704780B584B000AF7860DE
:1029C0007B6893F82030DBB2012B2ED17B6802228A
:1029D00083F820207B681B681A687B681B6822F0DC
:1029E00001021A60FFF71AFEF86012E0FFF716FE08
:1029F0000246FB68D31A0A2B0BD97B685B6A43F447
:102A000000327B685A627B68052283F8202001230C
:102A100012E07B681B685B6803F00103002BE5D1C3
:102A20007B6800225A62002306E07B685B6A43F4FD
:102A300000227B685A62012318461037BD4680BDCC
:102A400080B584B000AF78607B6893F82030DBB24B
:102A5000022B33D17B681B681A687B681B6842F0C5
:102A600001021A60FFF7DAFDF86012E0FFF7D6FD09
:102A70000246FB68D31A0A2B0BD97B685B6A43F4C6
:102A800000327B685A627B68052283F8202001238C
:102A90001BE07B681B685B6803F00103002BE5D03B
:102AA0007B681B681A687B681B6822F002021A6048
:102AB0007B68012283F82020002306E07B685B6AA4
:102AC00043F480127B685A62012318461037BD46D2
:102AD00080BD80B489B000AFF860B9607A603B60B7
:102AE000FB6893F82030FB77FB681B689B68BB6131
:102AF000FB7F012B03D0FB7F022B40F0AD80BB6935
:102B000003F08063002B0AD1BB6903F00063002B44
:102B100005D1BB6903F08053002B00F09580BB69A1
:102B20001B0E03F003037B6101227B699A403B6823
:102B30001A60BB689B68002B0DD1BB681B685A05E7
:102B4000BB68DB68F96809681A437B6918331B01A5
:102B50000B441A600FE0BB685B68DA00BB689B68D7
:102B60001A43BB68DB68F96809681A437B69183344
:102B70001B010B441A60FB681968BB681A697B6902
:102B800018331B010B4404331A60BB681B7D012BF7
:102B900011D1FB681A687B6918331B011344043395
:102BA0001B68FA68116843F480727B6918331B0153
:102BB0000B4404331A607B6807331B781A067B6862
:102BC00006331B781B041A437B6805331B781B02F2
:102BD00013437A68043212781046FA68116843EA9F
:102BE00000027B691B010B4403F5C6731A607B6806
:102BF00003331B781A067B6802331B781B041A43C5
:102C00007B6801331B781B0213437A6812781046E5
:102C1000FA68116843EA00027B691B010B4403F563
:102C2000C4731A60FB681A687B6918331B0113446C
:102C30001B68FA68116843F001027B6918331B01B5
:102C40000B441A6000230EE0FB685B6A43F4001239
:102C5000FB685A62012306E0FB685B6A43F480224A
:102C6000FB685A62012318462437BD4680BC704772
:102C700080B485B000AF786039607B6893F820300D
:102C8000FB73FB7B012B02D0FB7B022B28D13B6823
:102C900003F00103002B07D07B681B689A687B68F0
:102CA0001B6842F080029A603B6803F00203002B2D
:102CB00007D07B681B689A687B681B6842F40042F7
:102CC0009A603B6803F00403002B07D07B681B6805
:102CD0009A687B681B6842F400029A60002306E051
:102CE0007B685B6A43F480227B685A620123184642
:102CF0001437BD4680BC704780B485B000AF7860A3
:102D00000023FB607B6893F82030FB72FB7A012B79
:102D100002D0FB7A022B1DD17B681B689B6803F0F5
:102D20008063002B02D0FB680133FB607B681B686B
:102D30009B6803F00063002B02D0FB680133FB604B
:102D40007B681B689B6803F08053002B02D0FB68F4
:102D50000133FB60FB6818461437BD4680BC7047E2
:102D600080B485B000AF786039600023FB607B6879
:102D700093F82030FB72FB7A012B02D0FB7A022BF6
:102D80000BD17B681B689A683B689B061A403B68BE
:102D90009B069A4201D00123FB60FB68184614375A
:102DA000BD4680BC704780B487B000AFF860B960A2
:102DB0007A603B60FB6893F82030FB75FB7D012B4C
:102DC00003D0FB7D022B40F00381BB68002B0ED1AA
:102DD000FB681B68DB6803F00303002B16D1FB685C
:102DE0005B6A43F40012FB685A620123F7E0FB6858
:102DF0001B681B6903F00303002B07D1FB685B6AA8
:102E000043F40012FB685A620123E8E0FB681A6889
:102E1000BB681B331B0113441B6803F004027B686F
:102E20009A607B689B68002B0CD1FB681A68BB68B2
:102E30001B331B0113441B685B0DC3F30A027B6841
:102E40001A600BE0FB681A68BB681B331B01134454
:102E50001B68DB0823F060427B685A60FB681A68D5
:102E6000BB681B331B0113441B6803F002027B6821
:102E7000DA60FB681A68BB681B331B011344043318
:102E80001B6803F00803002B03D07B6808221A613B
:102E90000BE0FB681A68BB681B331B011344043347
:102EA0001B6803F00F027B681A61FB681A68BB6835
:102EB0001B331B01134404331B681B0ADAB27B6803
:102EC0009A61FB681A68BB681B331B011344043307
:102ED0001B681B0C9AB27B685A61FB681A68BB6856
:102EE0001B01134403F5DC731B68DAB23B681A70EC
:102EF000FB681A68BB681B01134403F5DC731B688D
:102F00001A0A3B680133D2B21A70FB681A68BB68B0
:102F10001B01134403F5DC731B681A0C3B68023376
:102F2000D2B21A70FB681A68BB681B01134403F520
:102F3000DC731B681A0E3B680333D2B21A70FB684D
:102F40001A68BB681B01134403F5DE731A683B68FB
:102F50000433D2B21A70FB681A68BB681B011344B1
:102F600003F5DE731B681A0A3B680533D2B21A7088
:102F7000FB681A68BB681B01134403F5DE731B680A
:102F80001A0C3B680633D2B21A70FB681A68BB6829
:102F90001B01134403F5DE731B681A0E3B680733ED
:102FA000D2B21A70BB68002B08D1FB681B68DA68C4
:102FB000FB681B6842F02002DA6007E0FB681B68D0
:102FC0001A69FB681B6842F020021A61002306E0C0
:102FD000FB685B6A43F48022FB685A62012318464F
:102FE0001C37BD4680BC704780B485B000AF7860A8
:102FF00039600023FB607B6893F82030FB72FB7A1A
:10300000012B02D0FB7A022B0FD13B68002B06D19B
:103010007B681B68DB6803F00303FB6005E07B68EB
:103020001B681B6903F00303FB60FB681846143739
:10303000BD4680BC704780B485B000AF7860396011
:103040007B6893F82030FB73FB7B012B02D0FB7B6A
:10305000022B09D17B681B6859697B681B683A6839
:103060000A435A61002306E07B685B6A43F48022CE
:103070007B685A62012318461437BD4680BC7047EE
:1030800080B58AB000AF786000237B627B681B68E4
:103090005B693B627B681B685B68FB617B681B68E4
:1030A0009B68BB617B681B68DB687B617B681B6816
:1030B0001B693B617B681B689B69FB603B6A03F093
:1030C0000103002B7CD0BB6903F00103002B23D04C
:1030D0007B681B6801229A60BB6903F00203002B26
:1030E00003D07868FEF764FD16E0BB6903F00403C3
:1030F000002B04D07B6A43F400637B620CE0BB6965
:1031000003F00803002B04D07B6A43F480537B62F6
:1031100002E07868FEF782FDBB6903F48073002B40
:1031200024D07B681B684FF480729A60BB6903F4FB
:103130000073002B03D07868FEF74CFD16E0BB69E6
:1031400003F48063002B04D07B6A43F400537B625A
:103150000CE0BB6903F40063002B04D07B6A43F4EA
:1031600080437B6202E07868FEF76AFDBB6903F486
:103170008033002B24D07B681B684FF480329A6028
:10318000BB6903F40033002B03D07868FEF734FDED
:1031900016E0BB6903F48023002B04D07B6A43F460
:1031A00000437B620CE0BB6903F40023002B04D0D6
:1031B0007B6A43F480337B6202E07868FEF752FD5D
:1031C0003B6A03F00803002B0CD07B6903F010036B
:1031D000002B07D07B6A43F400737B627B681B681B
:1031E0001022DA603B6A03F00403002B0BD07B69EA
:1031F00003F00803002B06D07B681B680822DA6006
:10320000786800F0F4F83B6A03F00203002B09D061
:103210007B681B68DB6803F00303002B02D078682F
:10322000FEF7EEFB3B6A03F04003002B0CD03B693A
:1032300003F01003002B07D07B6A43F480637B62AA
:103240007B681B6810221A613B6A03F02003002B85
:103250000BD03B6903F00803002B06D07B681B688A
:1032600008221A61786800F0D4F83B6A03F0100372
:10327000002B09D07B681B681B6903F00303002B3C
:1032800002D0786800F0BCF83B6A03F40033002BEE
:103290000BD0FB6903F01003002B06D07B681B6882
:1032A00010225A60786800F0BDF83B6A03F480335E
:1032B000002B0BD0FB6903F00803002B06D07B68C2
:1032C0001B6808225A60786800F0B5F83B6A03F47E
:1032D0000043002B7BD0FB6903F00403002B72D06A
:1032E0003B6A03F48073002B08D0FB6803F00103F2
:1032F000002B03D07B6A43F001037B623B6A03F43B
:103300000073002B08D0FB6803F00203002B03D0EE
:103310007B6A43F002037B623B6A03F48063002B09
:1033200008D0FB6803F00403002B03D07B6A43F052
:1033300004037B623B6A03F40063002B43D0FB6809
:1033400003F07003002B3ED0FB6803F07003602B8A
:103350002BD0602B2ED8502B22D0502B2AD8402B8C
:1033600019D0402B26D8302B10D0302B22D8102B40
:1033700002D0202B05D01DE07B6A43F008037B625E
:1033800019E07B6A43F010037B6214E07B6A43F030
:1033900020037B620FE07B6A43F040037B620AE01C
:1033A0007B6A43F080037B6205E07B6A43F48073B1
:1033B0007B6200E000BF7B681B689A697B681B68C2
:1033C00022F070029A617B681B6804225A607B6A53
:1033D000002B08D07B685A6A7B6A1A437B685A6262
:1033E0007868FEF751FC00BF2837BD4680BD80B429
:1033F00083B000AF786000BF0C37BD4680BC70471B
:1034000080B483B000AF786000BF0C37BD4680BC8D
:10341000704780B483B000AF786000BF0C37BD4602
:1034200080BC704780B483B000AF786000BF0C37B9
:10343000BD4680BC704780B483B000AF786000BFE9
:103440000C37BD4680BC704780B485B000AF786053
:103450007B6893F82030FB73FB7B012B02D0FB7B56
:10346000022B12D17B681B685B6803F00203002B00
:1034700002D00423FB7308E07B681B681B6803F021
:103480000203002B01D00323FB73FB7B1846143788
:10349000BD4680BC704780B483B000AF78607B6865
:1034A0005B6A18460C37BD4680BC704780B485B057
:1034B00000AF78607B6803F00703FB600C4BDB68B0
:1034C000BB60BA684FF6FF031340BB60FB681A028B
:1034D000BB68134343F0BF6343F40033BB60044A4B
:1034E000BB68D36000BF1437BD4680BC704700BFC7
:1034F00000ED00E080B400AF044BDB681B0A03F072
:1035000007031846BD4680BC704700BF00ED00E0D1
:1035100080B483B000AF0346FB7197F90730002BEE
:103520000BDBFB7903F01F02064997F907305B09B3
:10353000012000FA02F241F8232000BF0C37BD46FB
:1035400080BC704700E100E080B483B000AF034668
:10355000FB7197F90730002B12DBFB7903F01F0298
:103560000A4997F907305B09012000FA02F220337B
:1035700041F82320BFF34F8F00BFBFF36F8F00BF11
:1035800000BF0C37BD4680BC704700BF00E100E0C3
:1035900080B483B000AF0346FB7197F90730002B6E
:1035A0000CDBFB7903F01F02074997F907305B0931
:1035B000012000FA02F2603341F8232000BF0C37EB
:1035C000BD4680BC704700BF00E100E080B483B01E
:1035D00000AF03463960FB7197F90730002B0ADB17
:1035E0003B68DAB20C4997F907301201D2B20B44AA
:1035F00083F800230AE03B68DAB20849FB7903F05C
:103600000F03043B1201D2B20B441A7600BF0C37F1
:10361000BD4680BC704700BF00E100E000ED00E067
:1036200080B489B000AFF860B9607A60FB6803F0DD
:103630000703FB61FB69C3F10703042B28BF0423C5
:10364000BB61FB690433062B02D9FB69033B00E035
:1036500000237B614FF0FF32BB6902FA03F3DA43C8
:10366000BB681A407B699A404FF0FF317B6901FAD1
:1036700003F3D9437B680B40134318462437BD46F8
:1036800080BC704780B582B000AF78607868FFF783
:103690000DFF00BF0837BD4680BD80B586B000AFC6
:1036A0000346B9607A60FB7300237B61FFF722FF5A
:1036B00078617A68B9687869FFF7B2FF024697F9CE
:1036C0000F3011461846FFF781FF00BF1837BD467F
:1036D00080BD80B582B000AF0346FB7197F907301B
:1036E0001846FFF715FF00BF0837BD4680BD80B5FF
:1036F00082B000AF0346FB7197F907301846FFF719
:1037000023FF00BF0837BD4680BD80B582B000AF43
:103710000346FB7197F907301846FFF739FF00BFE2
:103720000837BD4680BD80B485B000AF7860002307
:10373000FB737B6893F82130DBB2022B08D07B68E7
:1037400004229A637B68002283F82020012320E072
:103750007B681B681A687B681B6822F00E021A607F
:103760007B681B681A687B681B6822F001021A607C
:103770007B681A6C7B68DB6B012101FA02F25A60EC
:103780007B68012283F821207B68002283F82020B7
:10379000FB7B18461437BD4680BC704780B584B0AB
:1037A00000AF78600023FB737B6893F82130DBB2B5
:1037B000022B05D07B6804229A630123FB7351E03E
:1037C0007B681B681A687B681B6822F00E021A600F
:1037D0007B681B681A687B681B6822F001021A600C
:1037E0007B681B68224A934229D07B681B68214A68
:1037F000934222D07B681B681F4A93421AD07B6891
:103800001B681E4A934212D07B681B681C4A934275
:103810000AD07B681B681B4A934202D14FF4801385
:103820000EE04FF080730BE04FF4803308E04FF46C
:10383000805305E04FF4807302E0102300E0012381
:10384000114A53607B68012283F821207B680022A3
:1038500083F820207B685B6B002B03D07B685B6B5D
:1038600078689847FB7B18461037BD4680BD00BF7F
:10387000080002401C0002403000024044000240A8
:10388000580002406C0002400000024080B48BB03F
:1038900000AF7860396000237B6200233B6269E1FE
:1038A00001227B6A02FA03F3FB613B681B68FA6939
:1038B0001340BB61BA69FB699A4240F058813B688A
:1038C0005B689A4A93425ED0984A934275D8984A68
:1038D000934258D0964A93426FD8964A934252D018
:1038E000944A934269D8944A93424CD0924A934264
:1038F00063D8924A934246D0904A93425DD8122BA5
:103900002AD8122B59D801A252F823F0873900087F
:103910006139000873390008B5390008BB3900085F
:10392000BB390008BB390008BB390008BB390008A7
:10393000BB390008BB390008BB390008BB39000897
:10394000BB390008BB390008BB390008BB39000887
:10395000693900087D390008794A934213D02CE078
:103960003B68DB683B6229E03B68DB6804333B6211
:1039700024E03B68DB6808333B621FE03B68DB68A0
:103980000C333B621AE03B689B68002B02D1042396
:103990003B6213E03B689B68012B05D108233B6227
:1039A0007B68FA691A6109E008233B627B68FA695F
:1039B0005A6103E000233B6200E000BFBB69FF2BBC
:1039C00001D87B6801E07B6804337B61BB69FF2B16
:1039D00002D87B6A9B0002E07B6A083B9B003B614C
:1039E0007B691A680F213B6901FA03F3DB431A4034
:1039F000396A3B6901FA03F31A437B691A603B6831
:103A00005B6803F08053002B00F0B1804D4B9B6945
:103A10004C4A43F0010393614A4B9B6903F0010355
:103A2000BB60BB68484A7B6A9B08023352F823306C
:103A3000FB607B6A03F003039B000F2202FA03F38F
:103A4000DB43FA681340FB607B68404A934213D023
:103A50007B683F4A93420DD07B683E4A934207D031
:103A60007B683D4A934201D1032306E0042304E02E
:103A7000022302E0012300E000237A6A02F003023D
:103A800092009340FA681343FB602F497B6A9B08BE
:103A90000233FA6841F823203B685B6803F4801323
:103AA000002B06D02D4B9A682C49BB6913438B60C1
:103AB00006E02A4B9A68BB69DB43284913408B60B8
:103AC0003B685B6803F40013002B06D0234BDA68D5
:103AD0002249BB691343CB6006E0204BDA68BB691F
:103AE000DB431E491340CB603B685B6803F4003343
:103AF000002B06D0194B5A681849BB6913434B6019
:103B000006E0164B5A68BB69DB43144913404B600F
:103B10003B685B6803F48033002B21D00F4B1A689D
:103B20000E49BB6913430B6021E000BF0000321057
:103B300000003110000022100000211000001210BF
:103B40000000111000100240000001400008014078
:103B5000000C01400010014000140140000401402D
:103B60000B4B1A68BB69DB43094913400B607B6A46
:103B700001337B623B681A687B6A22FA03F3002BED
:103B80007FF48EAE00BF00BF2C37BD4680BC7047AF
:103B90000004014080B483B000AF78600B467B80A6
:103BA00013467B707B78002B03D07A887B681A6180
:103BB00003E07B881A047B681A6100BF0C37BD469E
:103BC00080BC704780B485B000AF78600B467B80C6
:103BD0007B68DB68FB607A88FB6813401A04FB682B
:103BE000D9437B880B401A437B681A6100BF1437A6
:103BF000BD4680BC7047000080B586B000AF7860DD
:103C00007B68002B01D1012372E27B681B6803F003
:103C10000103002B00F08780924B5B6803F00C03DC
:103C2000042B0CD08F4B5B6803F00C03082B12D1D4
:103C30008C4B5B6803F48033B3F5803F0BD1894B29
:103C40001B6803F40033002B6CD07B685B68002B8F
:103C500068D101234CE27B685B68B3F5803F06D1F5
:103C6000804B1B687F4A43F4803313602EE07B68EF
:103C70005B68002B0CD17B4B1B687A4A23F48033A2
:103C80001360784B1B68774A23F4802313601DE090
:103C90007B685B68B3F5A02F0CD1724B1B68714A2F
:103CA00043F4802313606F4B1B686E4A43F48033E8
:103CB00013600BE06B4B1B686A4A23F4803313607C
:103CC000684B1B68674A23F4802313607B685B683A
:103CD000002B13D0FEF7A2FC386108E0FEF79EFC33
:103CE00002463B69D31A642B01D9032300E25D4BE2
:103CF0001B6803F40033002BF0D014E0FEF78EFCB9
:103D0000386108E0FEF78AFC02463B69D31A642B4F
:103D100001D90323ECE1534B1B6803F40033002B60
:103D2000F0D100E000BF7B681B6803F00203002BAA
:103D300063D04C4B5B6803F00C03002B0BD0494B5A
:103D40005B6803F00C03082B1CD1464B5B6803F443
:103D50008033002B16D1434B1B6803F00203002B6A
:103D600005D07B681B69012B01D00123C0E13D4BCD
:103D70001B6823F0F8027B685B69DB003949134359
:103D80000B603AE07B681B69002B20D0364B012288
:103D90001A60FEF743FC386108E0FEF73FFC02467C
:103DA0003B69D31A022B01D90323A1E12D4B1B68D8
:103DB00003F00203002BF0D02A4B1B6823F0F8021B
:103DC0007B685B69DB00274913430B6015E0264BDA
:103DD00000221A60FEF722FC386108E0FEF71EFCA4
:103DE00002463B69D31A022B01D9032380E11D4B04
:103DF0001B6803F00203002BF0D17B681B6803F003
:103E00000803002B3AD07B689B69002B19D0174B15
:103E100001221A60FEF702FC386108E0FEF7FEFBA3
:103E200002463B69D31A022B01D9032360E10D4BF3
:103E30005B6A03F00203002BF0D0012000F0CEFA01
:103E40001CE00A4B00221A60FEF7E8FB38610FE025
:103E5000FEF7E4FB02463B69D31A022B08D9032381
:103E600046E100BF0010024000004242800442428E
:103E7000924B5B6A03F00203002BE9D17B681B685D
:103E800003F00403002B00F0A6800023FB758B4B8E
:103E9000DB6903F08053002B0DD1884BDB69874A27
:103EA00043F08053D361854BDB6903F08053BB60E3
:103EB000BB680123FB75824B1B6803F48073002BE6
:103EC00018D17F4B1B687E4A43F480731360FEF762
:103ED000A5FB386108E0FEF7A1FB02463B69D31A57
:103EE000642B01D9032303E1754B1B6803F4807332
:103EF000002BF0D07B68DB68012B06D16F4B1B6A6F
:103F00006E4A43F0010313622DE07B68DB68002BEF
:103F10000CD16A4B1B6A694A23F001031362674B99
:103F20001B6A664A23F0040313621CE07B68DB68AB
:103F3000052B0CD1614B1B6A604A43F004031362EA
:103F40005E4B1B6A5D4A43F0010313620BE05B4B5F
:103F50001B6A5A4A23F001031362584B1B6A574AE3
:103F600023F0040313627B68DB68002B15D0FEF797
:103F700055FB38610AE0FEF751FB02463B69D31A54
:103F800041F28832934201D90323B1E04B4B1B6AC3
:103F900003F00203002BEED014E0FEF73FFB386184
:103FA0000AE0FEF73BFB02463B69D31A41F2883236
:103FB000934201D903239BE0404B1B6A03F00203A9
:103FC000002BEED1FB7D012B05D13C4BDB693B4A3D
:103FD00023F08053D3617B68DB69002B00F087807E
:103FE000364B5B6803F00C03082B61D07B68DB6900
:103FF000022B46D1334B00221A60FEF70FFB3861CB
:1040000008E0FEF70BFB02463B69D31A022B01D9ED
:1040100003236DE0294B1B6803F00073002BF0D1E4
:104020007B681B6AB3F5803F08D1244B5B6823F49F
:1040300000327B689B68214913434B601F4B5B68D0
:1040400023F474127B68196A7B685B6A0B431B4913
:1040500013434B601B4B01221A60FEF7DFFA3861F5
:1040600008E0FEF7DBFA02463B69D31A022B01D9BE
:1040700003233DE0114B1B6803F00073002BF0D0CD
:1040800035E0104B00221A60FEF7C8FA386108E0EC
:10409000FEF7C4FA02463B69D31A022B01D9032367
:1040A00026E0064B1B6803F00073002BF0D11EE0E6
:1040B0007B68DB69012B07D1012319E00010024066
:1040C00000700040600042420B4B5B68FB60FB6885
:1040D00003F480327B681B6A9A4206D1FB6803F4C2
:1040E00070127B685B6A9A4201D0012300E00023D2
:1040F00018461837BD4680BD0010024080B584B018
:1041000000AF786039607B68002B01D10123D0E0DB
:104110006A4B1B6803F007033A689A4210D9674B51
:104120001B6823F0070265493B6813430B60634B30
:104130001B6803F007033A689A4201D00123B8E0F4
:104140007B681B6803F00203002B20D07B681B6890
:1041500003F00403002B05D0594B5B68584A43F425
:10416000E06353607B681B6803F00803002B05D0F5
:10417000534B5B68524A43F460535360504B5B6847
:1041800023F0F0027B689B684D4913434B607B68CA
:104190001B6803F00103002B40D07B685B68012B98
:1041A00007D1474B1B6803F40033002B15D10123C3
:1041B0007FE07B685B68022B07D1414B1B6803F0F3
:1041C0000073002B09D1012373E03D4B1B6803F002
:1041D0000203002B01D101236BE0394B5B6823F014
:1041E00003027B685B68364913434B60FEF716FA9F
:1041F000F8600AE0FEF712FA0246FB68D31A41F2B1
:104200008832934201D9032353E02D4B5B6803F0BE
:104210000C027B685B689B009A42EBD1274B1B68C2
:1042200003F007033A689A4210D2244B1B6823F02C
:10423000070222493B6813430B60204B1B6803F0C5
:1042400007033A689A4201D0012332E07B681B6879
:1042500003F00403002B08D0194B5B6823F4E062E1
:104260007B68DB68164913434B607B681B6803F06F
:104270000803002B09D0124B5B6823F460527B6863
:104280001B69DB000E4913434B6000F021F8024626
:104290000B4B5B681B0903F00F030A49CB5C22FA46
:1042A00003F3094A1360094B1B681846FDF7A2FD8A
:1042B000002318461037BD4680BD00BF00200240D5
:1042C0000010024000950008080000200C000020AB
:1042D00080B487B000AF0023FB600023BB600023E5
:1042E0007B6100237B6000233B611E4B5B68FB60AE
:1042F000FB6803F00C03042B02D0082B03D027E04B
:10430000194B3B6127E0FB689B0C03F00F03174A36
:10431000D35C7B60FB6803F48033002B10D0114B1F
:104320005B685B0C03F00103114AD35CBB607B68E4
:104330000D4A03FB02F2BB68B2FBF3F37B6104E0BE
:104340007B680C4A02FB03F37B617B693B6102E003
:10435000054B3B6100BF3B6918461C37BD4680BC1E
:10436000704700BF0010024000127A001895000844
:104370002895000800093D0080B400AF024B1B687F
:104380001846BD4680BC70470800002080B500AFCD
:10439000FFF7F2FF0246054B5B681B0A03F00703B9
:1043A0000349CB5C22FA03F3184680BD001002409B
:1043B0001095000880B500AFFFF7DEFF0246054B01
:1043C0005B68DB0A03F007030349CB5C22FA03F3C3
:1043D000184680BD001002401095000880B485B0DA
:1043E00000AF78600A4B1B680A4AA2FB03235B0AF2
:1043F0007A6802FB03F3FB6000BFFB685A1EFA6099
:10440000002BF9D100BF00BF1437BD4680BC7047F8
:1044100008000020D34D621080B582B000AF7860F4
:104420007B68002B01D1012341E07B6893F83D308C
:10443000DBB2002B06D17B68002283F83C20786831
:10444000FDF784FF7B68022283F83D207B681A68B1
:104450007B6804331946104600F0C2F97B680122DC
:1044600083F846207B68012283F83E207B68012286
:1044700083F83F207B68012283F840207B6801227B
:1044800083F841207B68012283F842207B68012267
:1044900083F843207B68012283F844207B68012253
:1044A00083F845207B68012283F83D2000231846CD
:1044B0000837BD4680BD000080B485B000AF78608D
:1044C0007B6893F83D30DBB2012B01D001233AE049
:1044D0007B68022283F83D207B681B68DA687B6872
:1044E0001B6842F00102DA607B681B68184A93423D
:1044F0000ED07B681B68B3F1804F09D07B681B68C6
:10450000144A934204D07B681B68134A934211D12A
:104510007B681B689B6803F00703FB60FB68062B46
:1045200010D07B681B681A687B681B6842F0010228
:104530001A6007E07B681B681A687B681B6842F09A
:1045400001021A60002318461437BD4680BC70472C
:10455000002C0140000400400008004080B483B0FB
:1045600000AF78607B681B68DA687B681B6822F0A4
:104570000102DA607B681B681A6A41F2111313406A
:10458000002B0FD17B681B681A6A40F2444313402A
:10459000002B07D17B681B681A687B681B6822F0B8
:1045A00001021A607B68012283F83D20002318462F
:1045B0000C37BD4680BC704780B584B000AF7860D2
:1045C0007B681B68DB68FB607B681B681B69BB60E2
:1045D000BB6803F00203002B20D0FB6803F002034A
:1045E000002B1BD07B681B686FF002021A617B688E
:1045F00001221A777B681B689B6903F00303002B79
:1046000003D0786800F0D1F805E0786800F0C4F8CD
:10461000786800F0D3F87B6800221A77BB6803F053
:104620000403002B20D0FB6803F00403002B1BD0F5
:104630007B681B686FF004021A617B6802221A779C
:104640007B681B689B6903F44073002B03D0786878
:1046500000F0ABF805E0786800F09EF8786800F0AC
:10466000ADF87B6800221A77BB6803F00803002BC3
:1046700020D0FB6803F00803002B1BD07B681B686D
:104680006FF008021A617B6804221A777B681B6846
:10469000DB6903F00303002B03D0786800F085F892
:1046A00005E0786800F078F8786800F087F87B68B3
:1046B00000221A77BB6803F01003002B20D0FB68A0
:1046C00003F01003002B1BD07B681B686FF01002F7
:1046D0001A617B6808221A777B681B68DB6903F420
:1046E0004073002B03D0786800F05FF805E078682D
:1046F00000F052F8786800F061F87B6800221A77C1
:10470000BB6803F00103002B0CD0FB6803F001032E
:10471000002B07D07B681B686FF001021A61786874
:10472000FDF7D2FBBB6803F08003002B0CD0FB68C5
:1047300003F08003002B07D07B681B686FF08002BA
:104740001A61786800F0C3F8BB6803F04003002BDF
:104750000CD0FB6803F04003002B07D07B681B687C
:104760006FF040021A61786800F031F8BB6803F01E
:104770002003002B0CD0FB6803F02003002B07D094
:104780007B681B686FF020021A61786800F096F869
:1047900000BF1037BD4680BD80B483B000AF7860E5
:1047A00000BF0C37BD4680BC704780B483B000AFFB
:1047B000786000BF0C37BD4680BC704780B483B0C2
:1047C00000AF786000BF0C37BD4680BC704780B436
:1047D00083B000AF786000BF0C37BD4680BC704727
:1047E00080B485B000AF786039607B681B68FB607F
:1047F0007B682F4A93420BD07B68B3F1804F07D080
:104800007B682C4A934203D07B682B4A934208D1A1
:10481000FB6823F07003FB603B685B68FA68134336
:10482000FB607B68224A93420BD07B68B3F1804FD8
:1048300007D07B681F4A934203D07B681E4A93428D
:1048400008D1FB6823F44073FB603B68DB68FA68BF
:104850001343FB60FB6823F080023B685B691343F2
:10486000FB607B68FA681A603B689A687B68DA626A
:104870003B681A687B689A627B680D4A934203D151
:104880003B681A697B681A637B6801225A617B68FE
:104890001B6903F00103002B05D07B681B6923F023
:1048A00001027B681A6100BF1437BD4680BC7047A7
:1048B000002C0140000400400008004080B483B098
:1048C00000AF786000BF0C37BD4680BC704780B435
:1048D00083B000AF786000BF0C37BD4680BC704726
:1048E00080B582B000AF78607B68002B01D10123D6
:1048F00042E07B6893F84130DBB2002B06D17B6845
:10490000002283F840207868FDF7CAFC7B682422E7
:1049100083F841207B681B68DA687B681B6822F497
:104920000052DA60786800F0AFFD7B681B681A6996
:104930007B681B6822F490421A617B681B685A6985
:104940007B681B6822F02A025A617B681B68DA6860
:104950007B681B6842F40052DA607B6800225A646C
:104960007B68202283F841207B68202283F8422044
:104970007B6800225A63002318460837BD4680BD75
:1049800080B58AB002AFF860B9603B601346FB8027
:1049900000237B61FB6893F84130DBB2202B75D19B
:1049A000BB68002B02D0FB88002B01D101236EE0F5
:1049B000FB6800225A64FB68212283F84120FDF73E
:1049C0002DFE7861FB68FA889A84FB68FA88DA849D
:1049D000FB689B68B3F5805F08D1FB681B69002BFF
:1049E00004D10023FB61BB68BB6103E0BB68FB61D2
:1049F0000023BB612EE03B6800937B69002280218D
:104A0000F86800F013FB0346002B05D0FB6820225A
:104A100083F8412003233AE0FB69002B0BD1BB69EB
:104A20001B881A46FB681B68C2F308025A60BB6900
:104A30000233BB6107E0FB691A78FB681B685A60A8
:104A4000FB690133FB61FB68DB8C9BB2013B9AB2D3
:104A5000FB68DA84FB68DB8C9BB2002BCBD13B6814
:104A600000937B6900224021F86800F0DFFA0346DA
:104A7000002B05D0FB68202283F84120032306E0A9
:104A8000FB68202283F84120002300E0022318461F
:104A90002037BD4680BD80B584B000AFF860B960F6
:104AA0001346FB80FB6893F84230DBB2202B12D117
:104AB000BB68002B02D0FB88002B01D101230BE047
:104AC000FB6800221A63FB881A46B968F86800F090
:104AD00006FB034600E0022318461037BD4680BDA2
:104AE00080B5BAB000AF78607B681B681B68C7F8F8
:104AF000E4307B681B68DB68C7F8E0307B681B68C4
:104B00005B69C7F8DC300023C7F8D8300023C7F84A
:104B1000D430D7F8E43003F00F03C7F8D830D7F813
:104B2000D830002B0FD1D7F8E43003F02003002B4E
:104B300009D0D7F8E03003F02003002B03D07868C9
:104B400000F0E3FB5BE2D7F8D830002B00F0DE800A
:104B5000D7F8DC3003F00103002B06D1D7F8E030A2
:104B600003F49073002B00F0D180D7F8E43003F009
:104B70000103002B0BD0D7F8E03003F48073002B37
:104B800005D07B685B6C43F001027B685A64D7F800
:104B9000E43003F00403002B0BD0D7F8DC3003F033
:104BA0000103002B05D07B685B6C43F002027B683D
:104BB0005A64D7F8E43003F00203002B0BD0D7F887
:104BC000DC3003F00103002B05D07B685B6C43F005
:104BD00004027B685A64D7F8E43003F00803002B22
:104BE00011D0D7F8E03003F02003002B05D1D7F81F
:104BF000DC3003F00103002B05D07B685B6C43F0D5
:104C000008027B685A647B685B6C002B00F0F281C1
:104C1000D7F8E43003F02003002B08D0D7F8E030B9
:104C200003F02003002B02D0786800F06EFB7B6855
:104C30001B685B6903F04003002B14BF01230023B2
:104C4000DBB2C7F8D4307B685B6C03F00803002B41
:104C500003D1D7F8D430002B4FD0786800F078FA21
:104C60007B681B685B6903F04003002B41D07B68C5
:104C70001B681433C7F89C30D7F89C3053E8003FCA
:104C8000C7F89830D7F8983023F04003C7F8D030F1
:104C90007B681B681433D7F8D020C7F8A820C7F862
:104CA000A430D7F8A410D7F8A82041E80023C7F80B
:104CB000A030D7F8A030002BD9D17B68DB6B002B5C
:104CC00013D07B68DB6B7E4A5A637B68DB6B1846CC
:104CD000FEF764FD0346002B16D07B68DB6B5B6B35
:104CE0007A68D26B104698470EE07868FDF730F886
:104CF0000AE07868FDF72CF806E07868FDF728F8F8
:104D00007B6800225A6475E100BF73E17B681B6B0E
:104D1000012B40F04F81D7F8E43003F01003002B53
:104D200000F04881D7F8E03003F01003002B00F0CA
:104D300041810023BB607B681B681B68BB607B688C
:104D40001B685B68BB60BB687B681B685B6903F0C2
:104D50004003002B00F0B6807B68DB6B1B685B6850
:104D6000A7F8BE30B7F8BE30002B00F045817B6855
:104D70009B8DB7F8BE209A4280F03E817B68B7F8E1
:104D8000BE20DA857B68DB6B9B69202B00F0888076
:104D90007B681B680C33C7F88830D7F8883053E835
:104DA000003FC7F88430D7F8843023F48073C7F805
:104DB000B8307B681B680C33D7F8B820C7F894204C
:104DC000C7F89030D7F89010D7F8942041E8002326
:104DD000C7F88C30D7F88C30002BD9D17B681B6892
:104DE00014337B677B6F53E8003F3B673B6F23F0D7
:104DF0000103C7F8B4307B681B681433D7F8B420BC
:104E0000C7F88020FB67F96FD7F8802041E80023BE
:104E1000BB67BB6F002BE1D17B681B6814333B661B
:104E20003B6E53E8003FFB65FB6D23F04003C7F882
:104E3000B0307B681B681433D7F8B020FA66BB66C5
:104E4000B96EFA6E41E800237B667B6E002BE3D1DE
:104E50007B68202283F842207B6800221A637B68EB
:104E60001B680C33FB64FB6C53E8003FBB64BB6CFA
:104E700023F01003C7F8AC307B681B680C33D7F8FD
:104E8000AC20BA657B65796DBA6D41E800233B655E
:104E90003B6D002BE3D17B68DB6B1846FEF743FCD0
:104EA0007B6802225A637B689A8D7B68DB8D9BB29C
:104EB000D31A9BB21946786800F0ADF89CE000BFA9
:104EC000155200087B689A8D7B68DB8D9BB2D31AE4
:104ED000A7F8CE307B68DB8D9BB2002B00F08E8074
:104EE000B7F8CE30002B00F089807B681B680C334C
:104EF000BB63BB6B53E8003F7B637B6B23F4907316
:104F0000C7F8C8307B681B680C33D7F8C8207A64B0
:104F10003B64396C7A6C41E80023FB63FB6B002B2C
:104F2000E3D17B681B6814337B627B6A53E8003FE4
:104F30003B623B6A23F00103C7F8C4307B681B68FF
:104F40001433D7F8C4203A63FB62F96A3A6B41E83C
:104F50000023BB62BB6A002BE3D17B68202283F86D
:104F600042207B6800221A637B681B680C333B611C
:104F70003B6953E8003FFB60FB6823F01003C7F870
:104F8000C0307B681B680C33D7F8C020FA61BB6166
:104F9000B969FA6941E800237B617B69002BE3D1A1
:104FA0007B6802225A63B7F8CE301946786800F061
:104FB00032F823E0D7F8E43003F08003002B09D067
:104FC000D7F8E03003F08003002B03D0786800F0BE
:104FD00035F914E0D7F8E43003F04003002B0ED08D
:104FE000D7F8E03003F04003002B08D0786800F0D9
:104FF00074F904E000BF02E000BF00E000BFE83742
:10500000BD4680BD80B483B000AF786000BF0C3770
:10501000BD4680BC704780B483B000AF78600B465B
:105020007B8000BF0C37BD4680BC704780B586B022
:1050300000AFF860B9603B601346FB713BE03B6A30
:10504000B3F1FF3F37D0FDF7E9FA02463B68D31AC8
:105050003A6A9A4202D33B6A002B01D103233AE019
:10506000FB681B68DB6803F00403002B23D0BB68DC
:10507000802B20D0BB68402B1DD0FB681B681B68B1
:1050800003F00803082B16D100237B61FB681B6823
:105090001B687B61FB681B685B687B617B69F868E8
:1050A00000F056F8FB6808225A64FB68002283F877
:1050B000402001230FE0FB681B681A68BB6813409F
:1050C000BA689A420CBF01230023DBB21A46FB796F
:1050D0009A42B4D0002318461837BD4680BD80B42C
:1050E00085B000AFF860B9601346FB80FB68BA6812
:1050F0009A62FB68FA889A85FB68FA88DA85FB6809
:1051000000225A64FB68222283F84220FB681B6954
:10511000002B07D0FB681B68DA68FB681B6842F449
:105120008072DA60FB681B685A69FB681B6842F092
:1051300001025A61FB681B68DA68FB681B6842F071
:105140002002DA60002318461437BD4680BC704741
:1051500080B495B000AF78607B681B680C337B63CC
:105160007B6B53E8003F3B633B6B23F49073FB6422
:105170007B681B680C33FA6C3A64FB63F96B3A6C1E
:1051800041E80023BB63BB6B002BE5D17B681B6848
:1051900014333B623B6A53E8003FFB61FB6923F039
:1051A0000103BB647B681B681433BA6CFA62BB6290
:1051B000B96AFA6A41E800237B627B6A002BE5D179
:1051C0007B681B6B012B19D17B681B680C33FB6060
:1051D000FB6853E8003FBB60BB6823F010037B64AF
:1051E0007B681B680C337A6CBA617B617969BA6938
:1051F00041E800233B613B69002BE5D17B6820221D
:1052000083F842207B6800221A6300BF5437BD46F2
:1052100080BC704780B584B000AF78607B685B6A03
:10522000FB60FB680022DA85FB680022DA84F868FC
:10523000FCF78EFD00BF1037BD4680BD80B485B041
:1052400000AF78607B6893F84130DBB2212B3ED110
:105250007B689B68B3F5805F14D17B681B69002B6A
:1052600010D17B681B6AFB60FB681B881A467B6851
:105270001B68C2F308025A607B681B6A9A1C7B6831
:105280001A6208E07B681B6A591C7A6811621A78F6
:105290007B681B685A607B68DB8C9BB2013B9BB2CE
:1052A0007A681946D184002B0FD17B681B68DA68B5
:1052B0007B681B6822F08002DA607B681B68DA6812
:1052C0007B681B6842F04002DA60002300E00223A2
:1052D00018461437BD4680BC704780B582B000AF19
:1052E00078607B681B68DA687B681B6822F0400284
:1052F000DA607B68202283F841207868FFF782FE1D
:10530000002318460837BD4680BD80B58CB000AF7D
:1053100078607B6893F84230DBB2222B40F0AE809D
:105320007B689B68B3F5805F17D17B681B69002B96
:1053300013D10023FB627B689B6ABB627B681B689E
:105340005B689BB2C3F308039AB2BB6A1A807B689E
:105350009B6A9A1C7B689A6226E07B689B6AFB6268
:105360000023BB627B689B68B3F5805F07D07B68D6
:105370009B68002B0AD17B681B69002B06D17B68D8
:105380001B685B68DAB2FB6A1A7008E07B681B680E
:105390005B68DBB203F07F03DAB2FB6A1A707B68EA
:1053A0009B6A5A1C7B689A627B68DB8D9BB2013BCF
:1053B0009BB27A681946D185002B5DD17B681B684A
:1053C000DA687B681B6822F02002DA607B681B6861
:1053D000DA687B681B6822F48072DA607B681B687D
:1053E0005A697B681B6822F001025A617B6820229F
:1053F00083F842207B6800225A637B681B6B012B79
:1054000035D17B6800221A637B681B680C337B6193
:105410007B6953E8003F3B613B6923F010037B62EB
:105420007B681B680C337A6A3A62FB61F9693A6AF5
:1054300041E80023BB61BB69002BE5D17B681B6899
:105440001B6803F01003102B0AD10023FB607B685C
:105450001B681B68FB607B681B685B68FB60FB6804
:105460007B689B8D19467868FFF7D5FD02E0786868
:10547000FCF724FC002302E0002300E0022318468E
:105480003037BD4680BD000080B584B000AF786085
:105490007B681B681B6923F440517B68DA687B6872
:1054A0001B680A431A617B689A687B681B691A4308
:1054B0007B685B691343BB607B681B68DB6823F414
:1054C000B05323F00C037A681268B9680B43D360B9
:1054D0007B681B685B6923F440717B689A697B6811
:1054E0001B680A435A617B681B682C4A934203D1AC
:1054F000FEF760FFF86002E0FEF748FFF860FA6828
:1055000013469B0013449A001A447B685B689B0017
:10551000B2FBF3F3224AA2FB03235B091901FA68E9
:1055200013469B0013449A001A447B685B689B00F7
:10553000B2FBF3F21A4BA3FB02035B09642000FBEE
:1055400003F3D31A1B013233154AA2FB03235B0971
:1055500003F0F0031944FA6813469B0013449A00C1
:105560001A447B685B689B00B2FBF3F20C4BA3FB15
:1055700002035B09642000FB03F3D31A1B013233DF
:10558000074AA2FB03235B0903F00F027B681B6839
:105590000A449A6000BF1037BD4680BD0038014004
:1055A0001F85EB5180B483B000AF78607B6803F156
:1055B00008027B685A607B684FF0FF329A607B6814
:1055C00003F108027B68DA607B6803F108027B68FC
:1055D0001A617B6800221A6000BF0C37BD4680BC90
:1055E000704780B483B000AF78607B6800221A6196
:1055F00000BF0C37BD4680BC704780B485B000AF9B
:10560000786039607B685B68FB603B68FA685A6069
:10561000FB689A683B689A60FB689B683A685A60C6
:10562000FB683A689A603B687A681A617B681B6815
:105630005A1C7B681A6000BF1437BD4680BC704797
:1056400080B485B000AF786039603B681B68BB6090
:10565000BB68B3F1FF3F03D17B681B69FB600CE0C3
:105660007B680833FB6002E0FB685B68FB60FB68FB
:105670005B681B68BA689A42F6D2FB685A683B6856
:105680005A603B685B683A689A603B68FA689A605F
:10569000FB683A685A603B687A681A617B681B68E5
:1056A0005A1C7B681A6000BF1437BD4680BC704727
:1056B00080B485B000AF78607B681B69FB607B6855
:1056C0005B687A6892689A607B689B687A685268BF
:1056D0005A60FB685B687A689A4203D17B689A6873
:1056E000FB685A607B6800221A61FB681B685A1EBF
:1056F000FB681A60FB681B6818461437BD4680BCFF
:105700007047000080B584B000AF786039607B6876
:10571000FB60FB68002B0BD14FF0500383F3118823
:10572000BFF36F8FBFF34F8FBB6000BF00BFFDE7BC
:1057300002F0DEFAFB681A68FB68DB6BF968096C3B
:1057400001FB03F31A44FB689A60FB6800229A632A
:10575000FB681A68FB685A60FB681A68FB68DB6BB9
:10576000013BF968096C01FB03F31A44FB68DA603A
:10577000FB68FF2283F84420FB68FF2283F8452062
:105780003B68002B14D1FB681B69002B1AD0FB6807
:105790001033184601F0E2FC0346002B12D00D4BEB
:1057A0004FF080521A60BFF34F8FBFF36F8F09E045
:1057B000FB6810331846FFF7F5FEFB6824331846E4
:1057C000FFF7F0FE02F0C4FA012318461037BD4679
:1057D00080BD00BF04ED00E080B58EB002AFF86080
:1057E000B9607A603B60FB68002B0BD14FF050032F
:1057F00083F31188BFF36F8FBFF34F8FBB6200BF7E
:1058000000BFFDE73B68002B0BD14FF0500383F343
:105810001188BFF36F8FBFF34F8F7B6200BF00BF54
:10582000FDE77B68002B02D0BB68002B01D0012371
:1058300000E00023002B0BD14FF0500383F31188BD
:10584000BFF36F8FBFF34F8F3B6200BF00BFFDE719
:105850007B68002B02D1BB68002B01D1012300E043
:105860000023002B0BD14FF0500383F31188BFF3BB
:105870006F8FBFF34F8FFB6100BF00BFFDE7482371
:105880007B617B69482B0BD04FF0500383F3118869
:10589000BFF36F8FBFF34F8FBB6100BF00BFFDE74A
:1058A0007B693B68FB62FB6A002B09D097F83820C4
:1058B000FB6A009313467A68B968F86800F005F847
:1058C000FB6A18463037BD4680BD80B584B000AF56
:1058D000F860B9607A60FB70BB68002B03D1BB69CC
:1058E000BA691A6002E0BB697A681A60BB69FA6833
:1058F000DA63BB69BA681A640121B869FFF702FF6D
:1059000000BF1037BD4680BD80B58EB000AFF860D7
:10591000B9607A603B6000237B63FB683B633B6B51
:10592000002B0BD14FF0500383F31188BFF36F8F1F
:10593000BFF34F8FBB6200BF00BFFDE7BB68002B0A
:1059400003D13B6B1B6C002B01D1012300E0002332
:10595000002B0BD14FF0500383F31188BFF36F8FEF
:10596000BFF34F8F7B6200BF00BFFDE73B68022B98
:1059700003D13B6BDB6B012B01D1012300E0002342
:10598000002B0BD14FF0500383F31188BFF36F8FBF
:10599000BFF34F8F3B6200BF00BFFDE701F042FD48
:1059A0000346002B02D17B68002B01D1012300E0CC
:1059B0000023002B0BD14FF0500383F31188BFF36A
:1059C0006F8FBFF34F8FFB6100BF00BFFDE702F099
:1059D0008FF93B6B9A6B3B6BDB6B9A4202D33B6854
:1059E000022B29D13A68B968386B00F091FAF86255
:1059F0003B6B5B6A002B10D03B6B2433184601F0E5
:105A0000ADFB0346002B13D03F4B4FF080521A6082
:105A1000BFF34F8FBFF36F8F0AE0FB6A002B07D0F5
:105A2000394B4FF080521A60BFF34F8FBFF36F8F27
:105A300002F08EF9012363E07B68002B03D102F0B2
:105A400087F900235CE07B6B002B06D107F1140380
:105A5000184601F0E7FB01237B6302F079F901F0BE
:105A600061F902F045F93B6B93F844305BB2B3F156
:105A7000FF3F03D13B6B002283F844203B6B93F83C
:105A800045305BB2B3F1FF3F03D13B6B002283F89B
:105A9000452002F05DF93A1D07F11403114618463E
:105AA00001F0D6FB0346002B24D1386B00F01AFB23
:105AB0000346002B18D03B6B10337A68114618460A
:105AC00001F026FB386B00F0A5FA01F039F9034626
:105AD000002B7FF47CAF0C4B4FF080521A60BFF369
:105AE0004F8FBFF36F8F72E7386B00F093FA01F0BE
:105AF00027F96CE7386B00F08DFA01F021F90023EB
:105B000018463837BD4680BD04ED00E080B590B042
:105B100000AFF860B9607A603B60FB68BB63BB6B49
:105B2000002B0BD14FF0500383F31188BFF36F8F1D
:105B3000BFF34F8FBB6200BF00BFFDE7BB68002B08
:105B400003D1BB6B1B6C002B01D1012300E00023B0
:105B5000002B0BD14FF0500383F31188BFF36F8FED
:105B6000BFF34F8F7B6200BF00BFFDE73B68022B96
:105B700003D1BB6BDB6B012B01D1012300E00023C0
:105B8000002B0BD14FF0500383F31188BFF36F8FBD
:105B9000BFF34F8F3B6200BF00BFFDE702F070F91B
:105BA000EFF311824FF0500383F31188BFF36F8F2F
:105BB000BFF34F8FFA61BB61FB697B63BB6B9A6B71
:105BC000BB6BDB6B9A4202D33B68022B2FD1BB6BC2
:105BD00093F8453087F83330BB6B9B6BFB623A68B8
:105BE000B968B86B00F094F997F93330B3F1FF3F1F
:105BF00012D1BB6B5B6A002B16D0BB6B24331846EB
:105C000001F0ACFA0346002B0ED07B68002B0BD0C2
:105C10007B6801221A6007E097F833300133DBB26A
:105C20005AB2BB6B83F845200123FB6301E00023DC
:105C3000FB637B6B7B617B6983F3118800BFFB6B2C
:105C400018464037BD4680BD80B58CB000AFF860C7
:105C5000B9607A600023FB62FB68BB62BB6A002B01
:105C60000BD14FF0500383F31188BFF36F8FBFF355
:105C70004F8F3B6200BF00BFFDE7BB68002B03D125
:105C8000BB6A1B6C002B01D1012300E00023002B19
:105C90000BD14FF0500383F31188BFF36F8FBFF325
:105CA0004F8FFB6100BF00BFFDE701F0BBFB034668
:105CB000002B02D17B68002B01D1012300E00023DF
:105CC000002B0BD14FF0500383F31188BFF36F8F7C
:105CD000BFF34F8FBB6100BF00BFFDE702F008F8C4
:105CE000BB6A9B6B7B627B6A002B1FD0B968B86A6A
:105CF00000F06AF97B6A5A1EBB6A9A63BB6A1B6929
:105D0000002B0FD0BB6A1033184601F027FA034668
:105D1000002B07D03C4B4FF080521A60BFF34F8FDF
:105D2000BFF36F8F02F014F8012369E07B68002B4A
:105D300003D102F00DF8002362E0FB6A002B06D1CC
:105D400007F11003184601F06DFA0123FB6201F020
:105D5000FFFF00F0E7FF01F0CBFFBB6A93F8443090
:105D60005BB2B3F1FF3F03D1BB6A002283F844204A
:105D7000BB6A93F845305BB2B3F1FF3F03D1BB6A16
:105D8000002283F8452001F0E3FF3A1D07F11003DC
:105D90001146184601F05CFA0346002B23D1B86A7D
:105DA00000F08AF90346002B17D0BB6A24337A68C7
:105DB0001146184601F0ACF9B86A00F02BF900F072
:105DC000BFFF0346002B89D10F4B4FF080521A6062
:105DD000BFF34F8FBFF36F8F80E7B86A00F01AF9F7
:105DE00000F0AEFF7AE7B86A00F014F900F0A8FFFF
:105DF000B86A00F061F90346002B3FF46FAF00234F
:105E000018463037BD4680BD04ED00E080B58EB049
:105E100000AFF860B9607A60FB683B633B6B002BB6
:105E20000BD14FF0500383F31188BFF36F8FBFF393
:105E30004F8F3B6200BF00BFFDE7BB68002B03D163
:105E40003B6B1B6C002B01D1012300E00023002BD6
:105E50000BD14FF0500383F31188BFF36F8FBFF363
:105E60004F8FFB6100BF00BFFDE702F009F8EFF3C1
:105E700011824FF0500383F31188BFF36F8FBFF38C
:105E80004F8FBA617B61BB69FB623B6B9B6BBB62F3
:105E9000BB6A002B2FD03B6B93F8443087F8273038
:105EA000B968386B00F090F8BB6A5A1E3B6B9A6376
:105EB00097F92730B3F1FF3F12D13B6B1B69002BE1
:105EC00016D03B6B1033184601F048F90346002BFF
:105ED0000ED07B68002B0BD07B6801221A6007E094
:105EE00097F827300133DBB25AB23B6B83F844207A
:105EF00001237B6301E000237B63FB6A3B613B6919
:105F000083F3118800BF7B6B18463837BD4680BDD0
:105F100080B586B000AFF860B9607A6000233B615D
:105F2000FB689B6B7B61FB681B6C002B43D07B6821
:105F3000002B19D1FB685868FB681B6C1A46B968BE
:105F400002F0FDF9FB685A68FB681B6C1A44FB6899
:105F50005A60FB685A68FB689B689A422BD3FB68BF
:105F60001A68FB685A6026E0FB68D868FB681B6CFF
:105F70001A46B96802F0E3F9FB68DA68FB681B6C43
:105F80005B421A44FB68DA60FB68DA68FB681B68EE
:105F90009A4207D2FB689A68FB681B6C5B421A4402
:105FA000FB68DA607B68022B05D17B69002B02D08D
:105FB0007B69013B7B617B695A1CFB689A633B6987
:105FC00018461837BD4680BD80B582B000AF7860F6
:105FD00039607B681B6C002B18D07B68DA687B68A3
:105FE0001B6C1A447B68DA607B68DA687B689B68A4
:105FF0009A4203D37B681A687B68DA607B68D96849
:106000007B681B6C1A46386802F099F900BF0837A4
:10601000BD4680BD80B584B000AF786001F068FEF9
:106020007B6893F84530FB7311E07B685B6A002B5B
:1060300012D07B682433184601F090F80346002BF9
:1060400001D001F061F9FB7B013BDBB2FB7397F9F7
:106050000F30002BE9DC00E000BF7B68FF2283F8F3
:10606000452001F075FE01F043FE7B6893F8443053
:10607000BB7311E07B681B69002B12D07B68103367
:10608000184601F06BF80346002B01D001F03CF9F3
:10609000BB7B013BDBB2BB7397F90E30002BE9DC15
:1060A00000E000BF7B68FF2283F8442001F050FE2F
:1060B00000BF1037BD4680BD80B584B000AF7860AA
:1060C00001F016FE7B689B6B002B02D10123FB6065
:1060D00001E00023FB6001F03BFEFB68184610372F
:1060E000BD4680BD80B584B000AF786001F000FE91
:1060F0007B689A6B7B68DB6B9A4202D10123FB6061
:1061000001E00023FB6001F023FEFB681846103716
:10611000BD4680BD80B485B000AF78603960002393
:10612000FB6014E00E4AFB6852F83330002B0BD1B1
:106130000B49FB683A6841F83320094AFB68DB00E9
:1061400013447A685A6006E0FB680133FB60FB6821
:10615000032BE7D900BF00BF1437BD4680BC704792
:10616000302B002080B590B002AFF860B9607A6043
:106170003B603B6CFB623B68002B0BD14FF0500344
:1061800083F31188BFF36F8FBFF34F8FBB6200BFE4
:1061900000BFFDE73B6C002B0BD14FF0500383F3A6
:1061A0001188BFF36F8FBFF34F8F7B6200BF00BFBB
:1061B000FDE7BA68FB689A420BD94FF0500383F3AE
:1061C0001188BFF36F8FBFF34F8F3B6200BF00BFDB
:1061D000FDE7BB68002B01D10123BB607B68002B6E
:1061E00003D0032387F8333002E0022387F83330EB
:1061F000FB68042B0BD84FF0500383F31188BFF3D7
:106200006F8FBFF34F8FFB6100BF00BFFDE72023FF
:106210007B617B69202B0BD04FF0500383F31188F7
:10622000BFF36F8FBFF34F8FBB6100BF00BFFDE7B0
:106230003B68002B15D03B6C002B12D097F8333005
:106240000093BB68FA683968F86A00F0CFFAFB6A15
:106250001B7F43F00203DAB2FB6A1A773B6C7B6365
:1062600001E000237B637B6B18463837BD4680BD59
:1062700080B487B000AF78607B683B613B69002BDE
:106280000BD14FF0500383F31188BFF36F8FBFF32F
:106290004F8FFB6000BF00BFFDE73B699A683B6919
:1062A0001B6813447B613B695B687A69D31A7B6125
:1062B0007B69013B7B613B699B687A699A4204D3A5
:1062C0003B699B687A69D31A7B617B6918461C37E6
:1062D000BD4680BC704780B590B002AFF860B96031
:1062E0007A603B60FB683B637B687B63BB68002B29
:1062F0000BD14FF0500383F31188BFF36F8FBFF3BF
:106300004F8F3B6200BF00BFFDE73B6B002B0BD103
:106310004FF0500383F31188BFF36F8FBFF34F8F9C
:10632000FB6100BF00BFFDE73B6B1B7F03F0010378
:10633000002B02D07B6B04337B63386BFFF798FF35
:10634000F8627B6B0093FB6A7A68B968386B00F07F
:1063500035F8B862BB6A002B2BD0386B00F027FAF7
:1063600002463B6BDB689A4223D3EFF311824FF076
:10637000500383F31188BFF36F8FBFF34F8FBA6160
:106380007B61BB697B623B6B1B69002B0BD03B6B5A
:1063900018693B68009300230022002101F0BAF93C
:1063A0003B6B00221A617B6A3B613B6983F3118876
:1063B00000BFBB6A18463837BD4680BD80B586B081
:1063C00000AFF860B9607A603B603B68002B02D197
:1063D00000237B611DE0FB681B7F03F00103002BA2
:1063E00008D101237B617A683B68934228BF13463A
:1063F0007B600EE03A683B6A9A4208D301237B61D6
:106400003B1D04221946F86800F0DFF801E0002384
:106410007B617B69002B07D07B681A46B968F868F6
:1064200000F0D3F8386101E000233B613B69184676
:106430001837BD4680BD80B58EB002AFF860B96038
:106440007A603B60FB683B620023FB62BB68002B09
:106450000BD14FF0500383F31188BFF36F8FBFF35D
:106460004F8FFB6100BF00BFFDE73B6A002B0BD1E4
:106470004FF0500383F31188BFF36F8FBFF34F8F3B
:10648000BB6100BF00BFFDE73B6A1B7F03F0010358
:10649000002B02D004237B6201E000237B623B6877
:1064A000002B35D001F024FC386A00F080F9B86286
:1064B000BA6A7B6A9A4217D8002001F09DFA3B6ABB
:1064C0001B69002B0BD04FF0500383F31188BFF3EF
:1064D0006F8FBFF34F8F7B6100BF00BFFDE700F000
:1064E00093FF02463B6A1A6101F032FCBA6A7B6A8A
:1064F0009A4211D83B6800220021002000F0F8FFEA
:106500003B6A00221A61386A00F051F9B86203E070
:10651000386A00F04CF9B862BA6A7B6A9A421DD9AF
:106520007B6A0093BB6A7A68B968386A00F01BF826
:10653000F862FB6A002B11D000F0F4FB3B6A5B6948
:10654000002B09D03B6A586900230022002101F08A
:1065500029F83B6A00225A6100F0F2FBFB6A1846F8
:106560003037BD4680BD80B588B000AFF860B960F7
:106570007A603B60BB6A002B19D0FB681B68BB616B
:1065800007F110013B68BA6AF86800F093F83B69BC
:10659000FB613A68BB6AD31A3B60FA697B689A422E
:1065A00007D9FB68BA691A600023FB6101E07B68C8
:1065B000FB613B68FA69B968F86800F07BF87861BC
:1065C0007B6918462037BD4680BD80B58AB000AFD4
:1065D000F860B9607A607B68002B0BD14FF05003F4
:1065E00083F31188BFF36F8FBFF34F8FFB6100BF41
:1065F00000BFFDE7FB685B687B62FB689A687B6AAB
:10660000D31A7A68934228BF13463B627A6A3B6A80
:106610001A44FB689B689A420BD94FF0500383F3EE
:106620001188BFF36F8FBFF34F8FBB6100BF00BFF7
:10663000FDE7FB689A697B6A13443A6AB9681846B1
:1066400001F07DFE7A683B6A9A421DD97A683B6AFE
:10665000D21AFB689B689A420BD94FF0500383F320
:106660001188BFF36F8FBFF34F8F7B6100BF00BFF7
:10667000FDE7FB689869BA683B6AD1187A683B6A9B
:10668000D31A1A4601F05BFE7A6A7B6813447B6278
:10669000FB689B687A6A9A4204D3FB689B687A6AB3
:1066A000D31A7B62FB687A6A5A607B68184628377F
:1066B000BD4680BD80B58AB000AFF860B9607A6031
:1066C0003B607A683B68934228BF13463B623B6A53
:1066D000002B67D0FB681B687B62FB689A687B6A4B
:1066E000D31A3A6A934228BF1346FB61FA697B6862
:1066F0009A420BD94FF0500383F31188BFF36F8F89
:10670000BFF34F8FBB6100BF00BFFDE77A6AFB6933
:106710001A44FB689B689A420BD94FF0500383F3ED
:106720001188BFF36F8FBFF34F8F7B6100BF00BF36
:10673000FDE7FB689A697B6A1344FA691946B868F1
:1067400001F0FDFD3A6AFB699A421AD93A6A7B6800
:106750009A420BD94FF0500383F31188BFF36F8F28
:10676000BFF34F8F3B6100BF00BFFDE7BA68FB6915
:10677000D018FB6899693A6AFB69D31A1A4601F086
:10678000DEFD7A6A3B6A13447B62FB689B687A6A27
:106790009A4204D3FB689B687A6AD31A7B62FB68CF
:1067A0007A6A1A603B6A18462837BD4680BD80B4B5
:1067B00085B000AF78607B689A687B685B6813443B
:1067C000FB607B681B68FA68D31AFB607B689B6878
:1067D000FA689A4204D37B689B68FA68D31AFB6014
:1067E000FB6818461437BD4680BC704780B586B03C
:1067F00000AFF860B9607A603B6055237B617A68CE
:106800007969B86801F0BAFC0246BB6893420BD0C4
:106810004FF0500383F31188BFF36F8FBFF34F8F97
:106820003B6100BF00BFFDE720220021F86801F0B6
:10683000A5FCFB68BA689A61FB687A689A60FB6895
:106840003A68DA60FB6897F820201A7700BF18379B
:10685000BD4680BD80B58EB004AFF860B9607A6087
:106860003B607B6B002B0BD14FF0500383F31188FF
:10687000BFF36F8FBFF34F8F3B6200BF00BFFDE7D9
:10688000BB6B002B0BD14FF0500383F31188BFF388
:106890006F8FBFF34F8FFB6100BF00BFFDE74C233D
:1068A0003B613B694C2B0BD04FF0500383F31188B5
:1068B000BFF36F8FBFF34F8FBB6100BF00BFFDE71A
:1068C0003B69BB6B002B1AD07B6B002B17D0BB6BCB
:1068D0007B627B6A7A6B1A63002303937B6A029361
:1068E00007F1140301933B6B00933B687A68B96826
:1068F000F86800F00BF8786A00F092F801E00023E5
:106900007B617B6918462837BD4680BD80B588B05D
:1069100000AFF860B9607A603B603B6B186B7B68D6
:106920009B001A46A52101F029FC3B6B1A6B7B6882
:1069300003F18043013B9B001344BB61BB6923F01F
:106940000703BB61BB6903F00703002B0BD04FF0BB
:10695000500383F31188BFF36F8FBFF34F8F7B61B9
:1069600000BF00BFFDE7BB68002B1FD00023FB6109
:1069700012E0BA68FB69134419783A6BFB69134457
:1069800034330A461A70BA68FB6913441B78002B2B
:1069900006D0FB690133FB61FB690F2BE9D900E0ED
:1069A00000BF3B6B002283F8432003E03B6B0022D7
:1069B00083F83420BB6A052B01D90523BB623B6BEE
:1069C000BA6ADA623B6B04331846FEF70AFE3B6B89
:1069D00018331846FEF705FE3B6B3A6B1A61BB6A2B
:1069E000C3F106023B6B9A613B6B3A6B5A623B6B9D
:1069F00000225A643B6B002283F848203A68F96809
:106A0000B86901F073F802463B6B1A60FB6A002B11
:106A100002D0FB6A3A6B1A6000BF2037BD4680BDCA
:106A200080B582B000AF786001F062F92A4B1B6834
:106A30000133294A1360294B1B68002B09D1274ACF
:106A40007B681360244B1B68012B10D100F080FC85
:106A50000DE0234B1B68002B09D1204B1B68DA6A21
:106A60007B68DB6A9A4202D81C4A7B6813601D4B24
:106A70001B6801331B4A13607B68DB6A01229A4062
:106A8000194B1B681343184A13607B68DA6A134674
:106A90009B0013449B00154A1A447B680433194633
:106AA0001046FEF7AAFD01F053F90D4B1B68002BB1
:106AB0000ED00A4B1B68DA6A7B68DB6A9A4207D2FF
:106AC0000B4B4FF080521A60BFF34F8FBFF36F8FA5
:106AD00000BF0837BD4680BD102C0020502B002081
:106AE0001C2C00202C2C0020182C0020542B0020C3
:106AF00004ED00E080B58AB000AF78603960002313
:106B00007B627B68002B0BD14FF0500383F311881D
:106B1000BFF36F8FBFF34F8F7B6100BF00BFFDE7F7
:106B20003B68002B0BD14FF0500383F31188BFF368
:106B30006F8FBFF34F8F3B6100BF00BFFDE72A4B54
:106B40001B68002B0BD04FF0500383F31188BFF369
:106B50006F8FBFF34F8FFB6000BF00BFFDE700F0FA
:106B6000E1F8224B1B683B627B681B683A68134460
:106B7000FB617B681B683A6A9A420BD27B681B6890
:106B8000FA699A4211D2FA693B6A9A420DD90123F5
:106B90007B620AE07B681B68FA699A4203D3FA6950
:106BA0003B6A9A4201D901237B627B68FA691A60C9
:106BB0007B6A002B06D0FA693B6AD31A002118467B
:106BC00000F040FF00F0BCF8B861BB69002B07D1B2
:106BD000074B4FF080521A60BFF34F8FBFF36F8F98
:106BE00000BF2837BD4680BD382C0020142C002063
:106BF00004ED00E080B584B000AF78600023FB6056
:106C00007B68002B18D0144B1B68002B0BD04FF067
:106C1000500383F31188BFF36F8FBFF34F8FBB60B7
:106C200000BF00BFFDE700F07DF80021786800F0AC
:106C300009FF00F085F8F860FB68002B07D1074BCF
:106C40004FF080521A60BFF34F8FBFF36F8F00BFBA
:106C50001037BD4680BD00BF382C002004ED00E099
:106C600080B58AB004AF0023BB6000237B603A4646
:106C7000391D07F108031846FBF736F939687B68B8
:106C8000BA68029201930023009300230A461F4929
:106C90001F48FFF7DFFD03461E4A13601D4B1B68AC
:106CA000002B02D001237B6101E000237B617B6923
:106CB000012B16D14FF0500383F31188BFF36F8F70
:106CC000BFF34F8F3B6100BF134B4FF0FF321A6091
:106CD000124B01221A60124B00221A6000F084FF4E
:106CE0000FE07B69B3F1FF3F0BD14FF0500383F30B
:106CF0001188BFF36F8FBFF34F8FFB6000BF00BFE2
:106D0000FDE700BF1837BD4680BD00BFF8940008FE
:106D100021730008342C0020302C00201C2C002073
:106D2000142C002080B400AF044B1B680133034ACD
:106D3000136000BFBD4680BC704700BF382C0020E8
:106D400080B584B000AF0023FB600023BB60424BE2
:106D50001B68002B0BD14FF0500383F31188BFF356
:106D60006F8FBFF34F8F3B6000BF00BFFDE700F0A8
:106D7000BFFF394B1B68013B374A1360364B1B681A
:106D8000002B61D1354B1B68002B5DD02EE0344BBE
:106D9000DB68DB68FB60FB6818331846FEF788FC8D
:106DA000FB6804331846FEF783FCFB68DB6A0122AC
:106DB0009A402C4B1B6813432A4A1360FB68DA6A1B
:106DC00013469B0013449B00274A1A44FB68043374
:106DD00019461046FEF711FCFB68DA6A234B1B6864
:106DE000DB6A9A4202D3224B01221A601C4B1B68B9
:106DF000002BCCD1FB68002B01D000F0E5FA1D4B35
:106E00001B687B607B68002B10D000F045F80346C0
:106E1000002B02D0164B01221A607B68013B7B607D
:106E20007B68002BF1D1134B00221A60104B1B68BA
:106E3000002B09D00123BB600F4B4FF080521A602A
:106E4000BFF34F8FBFF36F8F00F082FFBB68184610
:106E50001037BD4680BD00BF382C0020102C00200C
:106E6000FC2B0020182C0020542B0020502B00203D
:106E7000242C0020202C002004ED00E080B483B0FE
:106E800000AF044B1B687B607B6818460C37BD461F
:106E900080BC7047142C002080B586B000AF002362
:106EA0007B614F4B1B68002B40F08F804D4B1B6864
:106EB00001333B614B4A3B6913603B69002B21D195
:106EC000494B1B681B68002B0BD04FF0500383F31A
:106ED0001188BFF36F8FBFF34F8F3B6000BF00BFC0
:106EE000FDE7414B1B68FB60404B1B683E4A13604B
:106EF0003E4AFB6813603E4B1B6801333C4A1360FB
:106F000000F062FA3B4B1B683A699A4248D3364B11
:106F10001B681B68002B04D1364B4FF0FF321A6000
:106F20003EE0314B1B68DB68DB68BB60BB685B68BD
:106F30007B603A697B689A4203D22E4A7B68136071
:106F40002EE0BB6804331846FEF7B2FBBB689B6AB1
:106F5000002B04D0BB6818331846FEF7A9FBBB68AA
:106F6000DB6A01229A40244B1B681343224A1360B8
:106F7000BB68DA6A13469B0013449B001F4A1A44FD
:106F8000BB68043319461046FEF737FBBB68DA6A64
:106F90001B4B1B68DB6A9A42B9D301237B61B6E7BE
:106FA000174B1B68DA6A154913469B0013449B0074
:106FB0000B441B68012B01D901237B61114B1B681A
:106FC000002B07D001237B6104E00F4B1B680133CA
:106FD0000D4A13607B6918461837BD4680BD00BF57
:106FE000382C0020142C0020F42B0020F82B00203B
:106FF000282C0020302C0020182C0020542B00209E
:10700000502B0020242C0020202C002080B588B09C
:1070100000AF3A4B1B68002B03D0394B01221A609A
:1070200067E0374B00221A60364B1B681B6BFB6115
:107030004FF0A533BB61FB691B68BA699A4211D155
:10704000FB6904331B68BA699A420BD1FB690833A8
:107050001B68BA699A4205D1FB690C331B68BA698F
:107060009A4208D0274B1A68264B1B6834331946BE
:107070001046FAF751FF244B1B68FB60FB68B3FA1C
:1070800083F3FB72FB7AC3F11F037B611F497A69AB
:1070900013469B0013449B000B441B68002B0BD131
:1070A0004FF0500383F31188BFF36F8FBFF34F8FFF
:1070B0007B6000BF00BFFDE77A6913469B00134465
:1070C0009B00124A13443B613B695B685A683B6909
:1070D0005A603B695A683B6908339A4204D13B695C
:1070E0005B685A683B695A603B695B68DB68054AC4
:1070F000136000BF2037BD4680BD00BF382C002084
:10710000242C0020502B0020182C0020542B002071
:1071100080B584B000AF786039607B68002B0BD1FC
:107120004FF0500383F31188BFF36F8FBFF34F8F7E
:10713000FB6000BF00BFFDE7074B1B681833194613
:107140007868FEF77DFA0121386800F07BFC00BF0B
:107150001037BD4680BD00BF502B002080B586B0E3
:1071600000AF78607B68DB68DB683B613B69002BC4
:107170000BD14FF0500383F31188BFF36F8FBFF330
:107180004F8FFB6000BF00BFFDE73B691833184617
:10719000FEF78EFA1D4B1B68002B1CD13B69043394
:1071A0001846FEF785FA3B69DB6A01229A40184BC4
:1071B0001B681343164A13603B69DA6A13469B0047
:1071C00013449B00134A1A443B6904331946104682
:1071D000FEF713FA05E03B69183319460E48FEF72F
:1071E0000CFA3B69DA6A0D4B1B68DB6A9A4205D9D7
:1071F00001237B610A4B01221A6001E000237B61BD
:107200007B6918461837BD4680BD00BF382C00206A
:10721000182C0020542B0020FC2B0020502B002089
:10722000242C002080B483B000AF7860064B1A682D
:107230007B681A60054B1A687B685A6000BF0C3780
:10724000BD4680BC704700BF282C0020142C0020B5
:1072500080B588B000AF786039607B68002B0BD1B7
:107260004FF0500383F31188BFF36F8FBFF34F8F3D
:107270003B6100BF00BFFDE73B68002B0BD14FF027
:10728000500383F31188BFF36F8FBFF34F8FFB6001
:1072900000BF00BFFDE700F02BFD194B1B68BB6171
:1072A0007B685B68BA69D31A7B617B681A68154B87
:1072B0001B689A4207D07B685B68BA699A4202D31E
:1072C0000123FB6115E03B681B687A699A420BD287
:1072D0003B681A687B69D21A3B681A607868FFF7C6
:1072E000A1FF0023FB6104E03B6800221A60012338
:1072F000FB6100F02DFDFB6918462037BD4680BDBF
:10730000142C0020282C002080B400AF034B012255
:107310001A6000BFBD4680BC704700BF242C00200F
:1073200080B582B000AF786000F048F8064B1B686B
:10733000012BF9D9054B4FF080521A60BFF34F8FE4
:10734000BFF36F8FF0E700BF542B002004ED00E087
:1073500080B582B000AF00237B600CE07A681346F2
:107360009B0013449B000F4A13441846FEF71AF97A
:107370007B6801337B607B68052BEFD90A48FEF7F9
:1073800011F90A48FEF70EF90948FEF70BF9094B07
:10739000054A1A60084B054A1A6000BF0837BD4607
:1073A00080BD00BF542B0020CC2B0020E02B002000
:1073B000FC2B0020F42B0020F82B002080B400AF21
:1073C00000BFBD4680BC704780B483B000AF0C4B9B
:1073D0001B681B68002B04D10A4B4FF0FF321A6068
:1073E00008E0074B1B68DB68DB687B607B685B68D9
:1073F000044A136000BF0C37BD4680BC704700BF15
:10740000F42B0020302C002080B483B000AF044B5C
:107410001B687B607B6818460C37BD4680BC704794
:10742000502B002080B483B000AF0B4B1B68002BA7
:1074300002D101237B6008E0084B1B68002B02D1BE
:1074400002237B6001E000237B607B6818460C37D9
:10745000BD4680BC704700BF1C2C0020382C00208B
:1074600080B584B000AF7860396000F041FC1E4BFD
:107470001B685B6C002B13D11B4B1B68012283F82C
:1074800048203B68002B0BD00121386800F0DAFA65
:10749000164B4FF080521A60BFF34F8FBFF36F8FC0
:1074A00000F056FC00F024FC0F4B1B685B6CFB608B
:1074B000FB68002B0CD07B68002B04D00A4B1B68A8
:1074C00000225A6404E0084B1B68FA68013A5A64C7
:1074D000054B1B68002283F8482000F039FCFB684C
:1074E00018461037BD4680BD502B002004ED00E04B
:1074F00080B586B000AFF860B9607A603B6000F09C
:10750000F7FB264B1B6893F84830DBB2022B1AD0EE
:10751000224B1B68596CFA68D2430A405A641F4BCD
:107520001B68012283F848203B68002B0BD0012107
:10753000386800F087FA1A4B4FF080521A60BFF398
:107540004F8FBFF36F8F00F003FC00F0D1FB7B681F
:10755000002B04D0114B1B685A6C7B681A600F4BD0
:107560001B6893F84830DBB2022B02D000237B610A
:1075700008E00A4B1B68596CBA68D2430A405A6447
:1075800001237B61054B1B68002283F8482000F033
:10759000DFFB7B6918461837BD4680BD502B0020A5
:1075A00004ED00E080B58AB000AFF860B9603B60E0
:1075B0001346FB7101237B62FB68002B0BD14FF05C
:1075C000500383F31188BFF36F8FBFF34F8FBB61FD
:1075D00000BF00BFFDE7FB683B6200F089FB3B6832
:1075E000002B03D03B6A5A6C3B681A603B6A93F8E5
:1075F0004830FB773B6A022283F84820FB79042B52
:1076000027D801A252F823F0757600081D760008ED
:107610002B760008377600083F7600083B6A5A6CE4
:10762000BB681A433B6A5A6427E03B6A5B6C5A1C8E
:107630003B6A5A6421E03B6ABA685A641DE0FB7FEA
:10764000022B03D03B6ABA685A6416E000237B62BF
:1076500013E03B6A5B6CB3F1FF3F0DD04FF050037A
:1076600083F31188BFF36F8FBFF34F8F7B6100BF30
:1076700000BFFDE700BF00E000BFFB7F012B3AD158
:107680003B6A04331846FEF713F83B6ADB6A0122B3
:107690009A401C4B1B6813431A4A13603B6ADA6A10
:1076A00013469B0013449B00174A1A443B6A043359
:1076B00019461046FDF7A1FF3B6A9B6A002B0BD0D1
:1076C0004FF0500383F31188BFF36F8FBFF34F8FD9
:1076D0003B6100BF00BFFDE73B6ADA6A0B4B1B68EA
:1076E000DB6A9A4207D90A4B4FF080521A60BFF307
:1076F0004F8FBFF36F8F00F02BFB7B6A1846283744
:10770000BD4680BD182C0020542B0020502B00209B
:1077100004ED00E080B58EB000AFF860B9603B606A
:107720001346FB7101237B63FB68002B0BD14FF0E9
:10773000500383F31188BFF36F8FBFF34F8F7B62CA
:1077400000BF00BFFDE700F09BFBFB683B63EFF36E
:1077500011824FF0500383F31188BFF36F8FBFF393
:107760004F8F3A62FB613B6AFB623B68002B03D0A0
:107770003B6B5A6C3B681A603B6B93F8483087F858
:107780002B303B6B022283F84820FB79042B29D84D
:1077900001A252F823F000BF07780008AD77000877
:1077A000BB770008C7770008CF7700083B6B5A6C9F
:1077B000BB681A433B6B5A6428E03B6B5B6C5A1CFA
:1077C0003B6B5A6422E03B6BBA685A641EE097F840
:1077D0002B30022B03D03B6BBA685A6416E00023AF
:1077E0007B6313E03B6B5B6CB3F1FF3F0DD04FF05D
:1077F000500383F31188BFF36F8FBFF34F8FBB61CB
:1078000000BF00BFFDE700BF00E000BF97F82B30CE
:10781000012B46D13B6B9B6A002B0BD04FF05003E2
:1078200083F31188BFF36F8FBFF34F8F7B6100BF6E
:1078300000BFFDE7204B1B68002B1CD13B6B0433C2
:107840001846FDF735FF3B6BDB6A01229A401B4B64
:107850001B681343194A13603B6BDA6A13469B009B
:1078600013449B00164A1A443B6B043319461046D6
:10787000FDF7C3FE05E03B6B183319461148FDF7D1
:10788000BCFE3B6BDA6A104B1B68DB6A9A4208D974
:107890003B6C002B02D03B6C01221A600B4B012287
:1078A0001A60FB6A3B613B6983F3118800BF7B6B05
:1078B00018463837BD4680BD382C0020182C0020D3
:1078C000542B0020FC2B0020502B0020242C0020C7
:1078D00080B58AB000AF786039607B68002B0BD12F
:1078E0004FF0500383F31188BFF36F8FBFF34F8FB7
:1078F000BB6100BF00BFFDE700F0C2FA7B687B629E
:10790000EFF311824FF0500383F31188BFF36F8FB1
:10791000BFF34F8F7A613B617B693B627B6A93F86F
:107920004830FB777B6A022283F848207B6A5B6CD5
:107930005A1C7B6A5A64FB7F012B46D17B6A9B6A87
:10794000002B0BD04FF0500383F31188BFF36F8FE0
:10795000BFF34F8FFB6000BF00BFFDE7204B1B68EC
:10796000002B1CD17B6A04331846FDF7A1FE7B6A0D
:10797000DB6A01229A401B4B1B681343194A1360B0
:107980007B6ADA6A13469B0013449B00164A1A442A
:107990007B6A043319461046FDF72FFE05E07B6A2B
:1079A000183319461148FDF728FE7B6ADA6A104B36
:1079B0001B68DB6A9A4208D93B68002B02D03B68FF
:1079C00001221A600B4B01221A603B6ABB60BB6844
:1079D00083F3118800BF00BF2837BD4680BD00BFBC
:1079E000382C0020182C0020542B0020FC2B0020C9
:1079F000502B0020242C002080B584B000AF78608C
:107A00007B68002B02D10E4B1B6800E07B68BB60DB
:107A100000F06EF9BB6893F84830DBB2022B06D158
:107A2000BB68002283F848200123FB6001E00023AB
:107A3000FB6000F08DF9FB6818461037BD4680BD2D
:107A4000502B002080B584B000AF78603960214BA6
:107A50001B68FB60204B1B6804331846FDF728FEAB
:107A60000346002B0BD11C4B1B68DB6A012202FA78
:107A700003F3DA43194B1B681340184A1360FA6882
:107A80007B681344BB60144B1B68BA685A60BA68C1
:107A9000FB689A4209D2124B1A680F4B1B680433D9
:107AA00019461046FDF7CCFD10E00E4B1A680A4B44
:107AB0001B68043319461046FDF7C2FD0A4B1B68CC
:107AC000BA689A4202D2084ABB68136000BF1037F6
:107AD000BD4680BD142C0020502B0020182C002007
:107AE000F82B0020F42B0020302C002080B485B02F
:107AF00000AFF860B9607A60FB68043BFB60FB682C
:107B00004FF080721A60FB68043BFB60BB6823F097
:107B10000102FB681A60FB68043BFB60084AFB68D3
:107B20001A60FB68143BFB607A68FB681A60FB68AC
:107B3000203BFB60FB6818461437BD4680BC70478D
:107B4000457B000880B485B000AF00237B60124BFA
:107B50001B68B3F1FF3F0BD04FF0500383F3118844
:107B6000BFF36F8FBFF34F8FFB6000BF00BFFDE718
:107B70004FF0500383F31188BFF36F8FBFF34F8F24
:107B8000BB6000BF00BF7B68002BFCD000BF00BF04
:107B90001437BD4680BC7047140000200000000070
:107BA000074B19680868B0E8F00F80F30988BFF345
:107BB0006F8F4FF0000080F311884EF00D0E70476C
:107BC000502B002000BF00BF06480068006880F30B
:107BD000088862B661B6BFF34F8FBFF36F8F00DFC7
:107BE00000BF00BF08ED00E080B586B000AF3B4BA2
:107BF0007B617B691B78DBB2BB607B69FF221A70FB
:107C00007B691B78DBB2FB71FB79DBB203F05003BD
:107C1000DAB2334B1A70334B07221A6009E0314B4A
:107C20001B68013B2F4A1360FB79DBB25B00DBB2C0
:107C3000FB71FB79DBB203F08003802BEFD0294B83
:107C40001B68C3F10703042B0BD04FF0500383F3E1
:107C50001188BFF36F8FBFF34F8FFB6000BF00BF72
:107C6000FDE7204B1B68C3F10703042B0BD04FF03B
:107C7000500383F31188BFF36F8FBFF34F8F3B61C6
:107C800000BF00BFFDE7174B1B681B02154A1360BE
:107C9000144B1B6803F4E063124A1360BB68DAB24A
:107CA0007B691A70104B1B680F4A43F47003136012
:107CB0000D4B1B680C4A43F07043136000F0BEF894
:107CC0000A4B00221A60FFF77FFFFFF79FF9FFF7CB
:107CD00039FF002318461837BD4680BD00E400E098
:107CE0003C2C0020402C002020ED00E0140000205F
:107CF00080B483B000AF4FF0500383F31188BFF31B
:107D00006F8FBFF34F8F7B6000BF0F4B1B6801333A
:107D10000D4A13600C4B1B68012B10D10B4B1B68D9
:107D2000DBB2002B0BD04FF0500383F31188BFF36D
:107D30006F8FBFF34F8F3B6000BF00BFFDE700BFF9
:107D40000C37BD4680BC70471400002004ED00E0F5
:107D500080B483B000AF124B1B68002B0BD14FF0E7
:107D6000500383F31188BFF36F8FBFF34F8F7B6096
:107D700000BF00BFFDE70A4B1B68013B084A1360C8
:107D8000074B1B68002B05D100233B603B6883F346
:107D9000118800BF00BF0C37BD4680BC704700BFD4
:107DA000140000200000000000000000000000009F
:107DB000EFF30980BFF36F8F0D4B1A6820E9F00FC6
:107DC000106008B54FF0500080F31188FFF71EF9DE
:107DD0004FF0000080F31188BDE80840196808687A
:107DE000B0E8F00F80F30988BFF36F8F704700BFD2
:107DF000502B002000BF00BF80B582B000AF4FF015
:107E0000500383F31188BFF36F8FBFF34F8F7B60F5
:107E100000BFFFF741F80346002B03D0064B4FF09D
:107E200080521A6000233B603B6883F3118800BFD7
:107E300000BF0837BD4680BD04ED00E080B400AF50
:107E40000A4B00221A600A4B00221A60094B1B6879
:107E5000094AA2FB03239B09084A013B1360034B19
:107E600007221A6000BFBD4680BC704710E000E0EA
:107E700018E000E008000020D34D621014E000E09C
:107E800080B485B000AFEFF30583FB60FB680F2B78
:107E900015D9174AFB6813441B78FB72154B1B78E6
:107EA000FA7A9A420BD24FF0500383F31188BFF352
:107EB0006F8FBFF34F8F7B6000BF00BFFDE70E4B9E
:107EC0001B6803F4E0620D4B1B689A420BD94FF01C
:107ED000500383F31188BFF36F8FBFF34F8F3B6065
:107EE00000BF00BFFDE700BF1437BD4680BC704730
:107EF000F0E300E03C2C00200CED00E0402C0020E2
:107F0000002310B50446C0E90033C0E904338360A0
:107F100081814366C2818361194608225C3000F08A
:107F20002DF90D4B246263620C4BA3620C4BE36290
:107F30000C4B23630C4B9C4206D003F16802944225
:107F400002D0D0339C4205D104F15800BDE8104066
:107F500000F0F2B910BD00BFF580000817810008DD
:107F60004F81000875810008442C0020024A034913
:107F7000034800F06BB800BF18000020718C0008A7
:107F80002800002041680C4B10B59942044601D0EE
:107F900000F06EFEA168094B994202D0204600F025
:107FA00067FEE168064B994204D02046BDE81040C8
:107FB00000F05EBE10BD00BF442C0020AC2C0020A1
:107FC000142D00200C4B0D4A10B504211A600C48EA
:107FD0000022FFF795FF0A4B01221C46092103F1FD
:107FE0006800FFF78DFF04F1D0000222BDE81040C9
:107FF0001221FFF785BF00BF7C2D00206D7F000898
:10800000442C0020014800F098B900BF852D0020C5
:10801000014800F093B900BF852D002010B504463B
:10802000FFF7F0FF236A1BB1BDE81040FFF7F0BF78
:10803000044B2362044B1B68002BF5D1FFF7C2FFF2
:10804000F2E700BF857F00087C2D00202DE9F84372
:108050000746884614460026D4E90195B9F101097E
:1080600005D52468002CF7D13046BDE8F883AB89EC
:10807000012B07D9B5F90E30013303D02946384614
:10808000C04706436835E9E70CB430B5184B0C1E01
:108090001D689DB008DA8B234FF0FF302B601DB0B8
:1080A000BDE8304002B070474FF40273ADF81430B1
:1080B0004FF000031B930CBF234604F1FF330493DE
:1080C00007934FF6FF7302900690ADF816302846DE
:1080D00021AB209A02A9019300F0BCFA431CBCBF5B
:1080E0008B232B60002CDAD00022029B1A70D6E77B
:1080F0002400002010B50C46B1F90E1000F0CEF8A7
:108100000028ABBF636DA3891B1823F48053ACBF59
:108110006365A38110BD2DE9F0411F468B8905469B
:10812000DB050C46164605D502230022B1F90E10D8
:1081300000F0A2F8A389324623F48053A381284695
:108140003B46B4F90E10BDE8F04100F0B9B810B5E7
:108150000C46B1F90E1000F08FF8B4F90C30421C47
:108160000BBF23F4805343F48053A381A38118BF32
:10817000606510BDB1F90E1000F06EB80346024400
:10818000934200D1704703F8011BF9E71B4B2DE91F
:10819000F0411C680646656C0F463DBB502000F060
:1081A00043F90246606420B95B21154B154800F085
:1081B000D5F88560626CC0E90055C2E90355626C70
:1081C0002B46C2E90555626CC2E90A55626CC2E9E8
:1081D0000C55626CC2E90E55626CC2E91055626CB6
:1081E000C2E91255626C1577656C6B622A46394696
:1081F0003046BDE8F041012300F006B8240000201D
:108200002A95000841950008F0B5044608B914689D
:1082100044B10F46204614F8015B17F8016B1EB9F4
:1082200065B91560002005E0B542F6D1002BF0D10C
:1082300014600370F0BD1C460CE01DB90E462746C5
:1082400014F8013B16F8015BAB42F6D1002BF2D0DB
:1082500000233B701460EDE738B50023054D04465C
:1082600008462B60FAF719F9431C02D12B6803B1B9
:10827000236038BD802D002038B5044608461146DD
:108280000022054D2A601A46FAF72BF9431C02D149
:108290002B6803B1236038BD802D002038B504461B
:1082A000084611460022054D2A601A46FAF7BCF826
:1082B000431C02D12B6803B1236038BD802D002000
:1082C00038B50446084611460022054D2A601A4674
:1082D000FAF7C7F8431C02D12B6803B1236038BDFD
:1082E000802D0020014B1868704700BF240000203B
:1082F00070B500260C4D0D4B5B1B9C10A64209D19E
:10830000002600F0F5FF0A4D0A4B5B1B9C10A642AD
:1083100005D170BD55F8043B98470136EEE755F896
:10832000043B98470136F2E71496000814960008BB
:1083300014960008189600087047704770470A4462
:10834000914200F1FF3300D1704710B511F8014B95
:10835000914203F8014FF9D110BD00001FB514463A
:108360001A46094B05461B68D8684CB1074BCDE946
:10837000013400912B46064900F0A2FC00F0EAFC13
:10838000044B1C46F3E700BF240000209B95000827
:10839000A8950008D695000838B50546002940D0B4
:1083A00051F8043C0C1F002BB8BFE41800F0E6F8AD
:1083B0001C4A136833B9636014602846BDE838402E
:1083C00000F0E2B8A34208D9206821188B4201BF0F
:1083D00019685B6809182160EDE71A465B680BB104
:1083E000A342FAD911685018A0420BD12068014469
:1083F000501883421160E0D118685B68084410602F
:108400005360DAE702D90C232B60D6E720682118E5
:108410008B4201BF19685B68091821606360546072
:10842000CBE738BD8C2D0020024B0146186800F0C8
:1084300025B800BF2400002070B50F4E0C463168EF
:10844000054611B900F068FC30602146284600F06E
:1084500063FC431C03D14FF0FF34204670BDC41CA5
:1084600024F00304A042F8D0211A284600F054FC5E
:108470000130F2D1EFE700BF882D00202DE9F8434D
:10848000CD1C25F0030508350C2D38BF0C25002D1B
:10849000064601DBA94204D90C2333600020BDE865
:1084A000F883DFF8D48000F069F8D8F800301C4673
:1084B00044BB29463046FFF7BFFF431C044658D152
:1084C000D8F800402746002F43D1002C4BD023681A
:1084D0003946304604EB030900F01EFC814542D1C9
:1084E000216830466D1A2946FFF7A6FF01303AD0C1
:1084F00023682B442360D8F800305A6862BBC8F860
:1085000000700FE02268521B20D40B2A17D9611982
:10851000A342256018BF5960636808BFC8F80010FF
:1085200062514B60304600F02FF804F10B00231D20
:1085300020F00700C21A1CBF1B1AA350AFE76268E5
:10854000A3420CBFC8F800205A60EBE723466468DA
:10855000AEE73C467F68B6E71A465B68A342FBD1AC
:1085600000235360DEE70C233046336000F00CF844
:1085700094E70560D6E700BF8C2D00200148FFF787
:10858000DCBE00BF842D00200148FFF7D7BE00BF2E
:10859000842D00202DE9F0471F468E688246BE429A
:1085A0000C469046334653D8B1F90C0010F4906F46
:1085B0002BD065692368096905EB4505A3EB010923
:1085C00005EBD5757B1C6D104B44AB422A4684BF2E
:1085D0001D462A46430527D511465046FFF74EFF54
:1085E000064658B34A462169FFF7A9FEA38923F43A
:1085F000906343F08003A38126614E4426603B468E
:108600003E466561A5EB0905A5601F463A46414611
:10861000206800F067FB0020A3689B1BA360236811
:108620003B442360BDE8F087504600F09AFB0646C5
:108630000028E1D150462169FFF7AEFE0C23CAF8AD
:108640000030A3894FF0FF3043F04003A381E9E7F6
:108650003E46DBE72DE9F0471F468B8906461B06A1
:108660000D4614469CB010D50B6973B94021FFF735
:1086700005FF2860286130B90C2333604FF0FF30CC
:108680001CB0BDE8F08740236B61002309932023D1
:108690008DF8293030234FF001080397644F8DF88F
:1086A0002A302346994613F8012B0AB1252AF9D11D
:1086B000B9EB040A0BD05346224629463046FFF751
:1086C00069FF013000F0A480099A5244099299F898
:1086D0000030002B00F09C8000234FF0FF32CDE9EA
:1086E000052309F10109049307938DF853301A9378
:1086F0004C46052214F8011B4D4800F01DFB049B5D
:10870000D0B9D80644BF20228DF85320190744BFA2
:108710002B228DF8532099F800202A2A13D04C469A
:1087200000204FF00A0C079A214611F8013B303B1C
:10873000092B49D968B913E0C01B08FA00F01843A7
:10874000A1460490D4E7039A111D12680391002AF0
:1087500001DB079204E0524243F0020307920493C4
:1087600023782E2B0AD163782A2B32D1039B023433
:108770001A1D1B68039243EAE3730593DFF8B49074
:1087800003224846217800F0D7FA38B14022049BF2
:10879000A0EB0900824013430134049314F8011B39
:1087A000062225488DF8281000F0C6FA002835D09A
:1087B000224818BB039B073323F0070308330393B6
:1087C000099B034409936CE70C4601200CFB023221
:1087D000AAE700234FF00A0C1946013405932046FE
:1087E00010F8012B303A092A03D9002BC6D0059185
:1087F000C4E7044601230CFB0121F0E703AB00931F
:108800002A4630460E4B04A9AFF30080421CD7D154
:10881000AB895B063FF532AF099831E703AB0093B4
:108820002A463046064B04A900F07EF8EEE700BF6A
:10883000D7950008DD950008E195000800000000CC
:10884000958500082DE9F047164698468A680B6919
:1088500007469342B8BF1346336091F843200C4655
:10886000DDF820900AB1013333602368990642BFD6
:10887000336802333360256815F0060506D104F12C
:10888000190AE36832689B1AAB422BDC94F8433038
:108890002268003B18BF0123920630D44146384677
:1088A00004F14302C847013023D02368226903F052
:1088B0000603042B14BF002533684FF0000608BFE1
:1088C000E56804F11A0408BFED1A54F8123C08BF19
:1088D00025EAE5759342C4BF9B1AED18B5421AD13B
:1088E000002008E00123524641463846C84701307F
:1088F00003D14FF0FF30BDE8F0870135C1E73020EC
:10890000E11881F843005A1C94F8451022440233C0
:1089100082F84310C2E70123224641463846C84741
:108920000130E6D00136D9E72DE9F0430D7E85B060
:10893000782D904607460C4699460C9E01F143025D
:1089400007D8622D0AD8002D00F0D780582D00F0EE
:10895000BC8004F1420684F842503BE0A5F1630379
:10896000152BF6D801A151F823F000BFC5890008E6
:10897000D9890008538900085389000853890008E1
:1089800053890008D98900085389000853890008D1
:108990005389000853890008E18A0008038A000807
:1089A000938A00085389000853890008038B000844
:1089B00053890008038A0008538900085389000876
:1089C0009B8A000833681A1D1B68326004F1420656
:1089D00084F842300123A1E033682068191D31601A
:1089E000060601D51D6803E04506FBD5B3F9005026
:1089F000002D03DA2D236D4284F843300A235B48AF
:108A000011E021683368080653F8045B02D4490674
:108A100048BFADB23360237E54486F2B5CD108232E
:108A2000002184F843106668002EA66005DB2168EB
:108A30002E4321F00401216050D01646B5FBF3F11E
:108A400003FB115C10F80CC006F801CDAC46634581
:108A50000D46F3D9082B0BD12368DB0708D5236912
:108A600061689942DEBF302306F8013C06F1FF360B
:108A7000921B2261434621463846CDF8009003AA56
:108A8000FFF7E0FE01304ED14FF0FF3005B0BDE8FA
:108A9000F083236843F0200323607825344884F86A
:108AA00045502368316813F0800F51F8045B03D1FF
:108AB00013F0400F18BFADB23160D90744BF43F087
:108AC000200323601DB11023AAE72848E7E72368A5
:108AD00023F020032360F6E70A23A1E71646B9E74F
:108AE00033682568181D616930602E061B6801D542
:108AF000196002E06806FBD5198000231646236141
:108B0000B8E7336800211A1D32601E68626830467B
:108B100000F012F908B1801B6060636823610023D4
:108B200084F84330A6E73246414638462369C847B1
:108B30000130A9D023689B0713D4E068039B9842B7
:108B4000B8BF1846A2E70123324641463846C84717
:108B5000013099D00135E36803995B1AAB42F2DC2E
:108B6000EBE7002504F11906F5E700BFE8950008DA
:108B7000F9950008B1F90C20F8B5160705460C4622
:108B800051D44B68002B02DC0B6C002B49DDE66AEC
:108B9000002E46D0002312F480522F682B6031D073
:108BA000626DA389590705D56368D21A636B0BB14F
:108BB000236CD21A00232846E66A216AB047421C79
:108BC000B4F90C3006D129681D2945D8274ACA4076
:108BD000D60741D5002262602269D904226004D5FB
:108BE000421C01D12B6803B96065616B2F60C1B174
:108BF00004F14403994202D02846FFF7CDFB00233D
:108C000063630EE001232846216AB0470246501CE8
:108C1000C7D12B68002BC4D01D2B01D0162B19D126
:108C20002F6000201DE00F69002FFAD0930718BFB6
:108C300000230E6808BF4B69F61B0F608B60002E87
:108C4000EFDD33463A462846216AD4F828C0E0478B
:108C5000002807DCB4F90C304FF0FF3043F040033C
:108C6000A381F8BD0744361AE9E700BF01004020A0
:108C700038B50B6905460C4613B90025284638BDA2
:108C800018B1036A0BB9FFF7C9F9B4F90C30002B1E
:108C9000F3D0626ED00704D4990502D4A06DFFF71B
:108CA0004CFB28462146FFF765FF636E0546DA0751
:108CB000E4D4A3899B05E1D4A06DFFF73FFBDDE77A
:108CC0000EB403B5014603AB054853F8042B006806
:108CD000019300F09BF802B05DF804EB03B070471D
:108CE00024000020884210B501EB020402D984421E
:108CF000234607D8431EA14207D011F8012B03F8E1
:108D0000012FF8E70244824200D110BD13F8011D83
:108D100002F8011DF7E7000038B50023054D0446B1
:108D200008462B60F9F7EAFB431C02D12B6803B11C
:108D3000236038BD802D0020034610B5C9B202441F
:108D40009342184601D1002003E0047801338C429D
:108D5000F6D110BD062008B500F026FA0120F9F77B
:108D600058FB2DE9F041074614460D4621B911463E
:108D7000BDE8F041FFF782BB2AB9FFF70DFB25469E
:108D80002846BDE8F08100F02BFA8442064602D85E
:108D9000B4EB500FF4D821463846FFF76FFB8046FE
:108DA00008B94546ECE7B4422246294628BF324678
:108DB000FFF7C5FA29463846FFF7EEFAF1E7936860
:108DC00010B4013B002B936007DA9469A34201DBE6
:108DD0000A2902D110BC00F02DB91368581C10608C
:108DE0001970084610BC7047F8B506460F46144681
:108DF000D518AC4201D1002007E03A46304614F8BD
:108E0000011BFFF7DCFF431CF3D1F8BD2DE9F04750
:108E10000D4614461F4606469CB018B1036A0BB9AE
:108E2000FFF7FCF86B6ED90705D4AB899A0502D41D
:108E3000A86DFFF782FAAB891B0701D52B699BB997
:108E40002946304600F034F970B16B6EDC0704D56A
:108E50004FF0FF301CB0BDE8F087AB899805F7D420
:108E6000A86DFFF76BFAF3E70023099320238DF831
:108E7000293030234FF001080397694F8DF82A30CD
:108E80002346994613F8012B0AB1252AF9D1B9EBEB
:108E9000040A0BD05346224629463046FFF7A4FF6A
:108EA000013000F0A480099A5244099299F80030E8
:108EB000002B00F09C8000234FF0FF32CDE905230A
:108EC00009F10109049307938DF853301A934C4626
:108ED000052214F8011B5248FFF72EFF049BD0B95E
:108EE000D90644BF20228DF853201A0744BF2B22F5
:108EF0008DF8532099F800202A2A13D04C460020E0
:108F00004FF00A0C079A214611F8013B303B092B20
:108F100049D968B913E0C01B08FA00F01843A1460C
:108F20000490D4E7039A111D12680391002A01DB13
:108F3000079204E0524243F002030792049323781D
:108F40002E2B0AD163782A2B32D1039B02341A1DAF
:108F50001B68039243EAE3730593DFF8C89003228A
:108F600048462178FFF7E8FE38B14022049BA0EB89
:108F70000900824013430134049314F8011B0622B4
:108F800029488DF82810FFF7D7FE00283ED0274843
:108F900018BB039B073323F0070308330393099B94
:108FA000034409936CE70C4601200CFB0232AAE74C
:108FB00000234FF00A0C194601340593204610F89F
:108FC000012B303A092A03D9002BC6D00591C4E7FA
:108FD000044601230CFB0121F0E703AB00932A4672
:108FE0003046134B04A9AFF30080431CD7D16B6EFE
:108FF000D90705D4AB899A0502D4A86DFFF79EF96D
:10900000AB895B063FF524AF099823E703AB0093D8
:109010002A463046064B04A9FFF786FCE5E700BF69
:10902000D7950008DD950008E195000800000000D4
:10903000E98D0008F8B50E461446054618B1036AD6
:109040000BB9FEF7EBFFA369A360A3891A0701D54B
:10905000236943B92146284600F02AF818B14FF099
:10906000FF373846F8BD23682269F6B2981A63695B
:109070003746834205DC21462846FFF7F9FD0028E4
:10908000EDD1A368013BA36023685A1C22601E70C7
:109090006269431C9A4204D0A389DB07E1D50A2EFA
:1090A000DFD121462846FFF7E3FD0028D9D0D6E7D7
:1090B00038B5284B054618680C4618B1036A0BB939
:1090C000FEF7ACFFB4F90C301A0721D4D80607D448
:1090D00009222A6043F040034FF0FF30A38130E0C3
:1090E000590712D5616B41B104F14403994202D092
:1090F0002846FFF751F9002363630022B4F90C30CE
:109100006260226923F02403226043F00803A381F4
:1091100022693AB99A0501D5180603D52146284691
:1091200000F08AF8B4F90C3013F001020AD00022E2
:10913000A26062695242A261226942B913F08000C2
:10914000C8D138BD990758BF6269A260F4E7002012
:10915000F7E700BF240000201F2938B505460C465C
:1091600004D9162303604FF0FF3038BDC26B12B133
:1091700052F821304BB9284600F030F8224601461B
:109180002846BDE8384000F017B8012B0AD0591C1A
:1091900003D1162303600120E7E70021204642F8AF
:1091A000241098470020E0E7024B01461868FFF7BB
:1091B000D3BF00BF2400002038B50023064D04466D
:1091C000084611462B60F9F714F9431C02D12B68AD
:1091D00003B1236038BD00BF802D0020F9F702B92C
:1091E00051F8043C181F002BBCBF0B58C018704727
:1091F00070B50C46B1F90E10154600291E4696B002
:109200000ADAA18911F0800113D14FF480620020A5
:1092100031602A6016B070BD6A4600F047F8002839
:10922000EFDB019901F47041A1F500535942594116
:10923000EBE700214022EAE78B8973B59E070546DC
:109240000C4607D504F147032360236101236361C2
:1092500002B070BD01AB6A46FFF7CAFF009E284608
:109260003146FFF70BF9B4F90C3038B99A05EFD451
:1092700023F0030343F00203A381E3E743F08003F9
:10928000A381019BC4E904062060002BE0D028469E
:10929000B4F90E1000F01CF80028D9D0A38923F0EF
:1092A000030343F00103A381D2E7000038B5002394
:1092B000064D0446084611462B60F9F7F9F8431CA1
:1092C00002D12B6803B1236038BD00BF802D002080
:1092D00038B50023054D044608462B60F9F7F7F82A
:1092E000431C02D12B6803B1236038BD802D0020C0
:1092F000F8B500BFF8BC08BC9E467047F8B500BF83
:08930000F8BC08BC9E46704752
:1093080042726964676545767400000043616E5473
:1093180078000000556172745478000042726964E4
:1093280067654374726C00005561727450617273A2
:109338006500000048656172746265617400000030
:10934800425553590000000043414E545800000054
:109358003C4F4B2C4442472C313E0D0A0000000084
:109368003C4F4B2C4442472C303E0D0A0000000075
:1093780053544154000000003C43414E2C256C5886
:109388002C25752C00000000253032580000000004
:109398003E0D0A0050494E47535441540000000006
:1093A8003C4F4B2C50494E473E0D0A0050494E4702
:1093B80054580000010100000149000000000000AD
:1093C8000000000002010000014900000000000048
:1093D800000000003C25732C4F4B3D25752C535441
:1093E8004154453D256C752C4552523D256C582CF1
:1093F8004553523D2530386C582C4D53523D25303D
:10940800386C582C5453523D2530386C582C5246E1
:1094180030523D2530386C582C5445433D256C75E9
:109428002C5245433D256C752C4C45433D256C75A8
:109438002C50434C4B313D256C753E0D0A00000005
:109448003C48422C256C752C25752C256C752C25D3
:109458006C752C256C582C256C752C256C752C2559
:109468006C753E0D0A0000002D0000000000000091
:1094780053454E534F522C543D2573256C642E256D
:1094880030326C64432C563D257525252C4F4B3DB9
:1094980025750D0A000000003C4552522C000000C2
:1094A8004C4F4E47000000002C000000454D505422
:1094B800590000004442470050494E470000000050
:1094C80054580000434D4400464F524D415400004B
:1094D800494400005354444944000000444C4300AC
:1094E800444C43380000000044415441000000004F
:1094F80049444C4500000000000000000000000046
:109508000102030406070809000000000102030421
:1095180002030405060708090A0B0C0D0E0F1010AC
:1095280001025245454E54206D616C6C6F63207387
:109538007563636565646564002F6275696C642F83
:10954800676E752D746F6F6C732D666F722D7374E3
:109558006D33325F31342E332E72656C312E3230DA
:109568003235313032372D303730302F7372632F28
:109578006E65776C69622F6E65776C69622F6C69AE
:1095880062632F737472696E672F737472746F6B72
:109598002E63002C2066756E6374696F6E3A200026
:1095A800617373657274696F6E2022257322206659
:1095B80061696C65643A2066696C652022257322AE
:1095C8002C206C696E65202564257325730A002399
:1095D8002D302B2000686C4C0065666745464700B7
:1095E80030313233343536373839414243444546D1
:1095F8000030313233343536373839616263646567
:0496080066000000F8
:08960C00446BFF7F0100000028
:049614003501000814
:049618001101000834
:10961C00000000000000000100127A0010000000A1
:10962C0001000000AAAAAAAA000000000300000082
:10963C00442C00202800002000000000442C0020B6
:10964C00AC2C0020142D00200000000000000000B5
:10965C0000000000000000000000000000000000FE
:10966C0000000000000000000000000000000000EE
:10967C0000000000000000000000000000000000DE
:04968C0000000000DA
:040000050800257555
:00000001FF
